Timestamp,Product_ID,SKU_Name,Category,Region,Vendor,raw_material_energy,raw_material_emission_factor,raw_material_waste,manufacturing_energy,manufacturing_efficiency,manufacturing_water_usage,transport_distance_km,transport_mode_factor,logistics_energy,usage_energy_consumption,usage_duration_hours,grid_carbon_intensity,recycling_efficiency,disposal_emission_factor,recovered_material_value,state_complexity_index,policy_action_score,optimization_reward_signal,total_lifecycle_carbon_footprint,Hash,Prev_Hash,lat,lon
2025-03-20T14:03:38.872050,SKU-10000,Rockwell Automation Allen-Bradley ControlLogix,Industrial Logic Controllers,Frankfurt Logistics Hub,Honeywell International,243.53,0.55,12.5,327.86,0.88,1500,642.06,0.12,120,450,8000,342.45,0.65,0.08,45.0,1.2,0.95,0.88,400.82,2c77fd04436f53dd1fe15b4775b69f9c918e03671d4ebdd64f27ed2dfb3eeefe,0000000000000000000000000000000000000000000000000000000000000000,-17.398128411214195,49.83810823733515
2025-03-21T02:03:38.872050,SKU-10001,General Electric Mark VIe Control System,Industrial Logic Controllers,Shanghai Industrial District,Siemens AG,391.61,0.55,12.5,743.37,0.88,1500,1167.84,0.12,120,450,8000,258.26,0.65,0.08,45.0,1.2,0.95,0.88,728.59,0685baf55d4fb5b08e18ad568eae14d66bc2ed750b8281b7fa1475000ba5a1d1,2c77fd04436f53dd1fe15b4775b69f9c918e03671d4ebdd64f27ed2dfb3eeefe,0.46162774356171354,96.7991573925112
2025-03-21T14:03:38.872050,SKU-10002,Beckhoff New Automation Technology PC,Distributed Control Systems,Ghent Automotive Cluster,Siemens AG,273.69,0.55,12.5,427.84,0.88,1500,3249.39,0.12,120,450,8000,244.65,0.65,0.08,45.0,1.2,0.95,0.88,498.92,83acb4d6bb3237004ded5cd9807134ee36beb90f88404fb6fe22fc282038dbbf,0685baf55d4fb5b08e18ad568eae14d66bc2ed750b8281b7fa1475000ba5a1d1,44.96896067135047,-102.23923486578121
2025-03-22T02:03:38.872050,SKU-10003,Fanuc R-2000iC Industrial Robot,Industrial Networking High-Speed,Ghent Automotive Cluster,ABB Ltd,232.06,0.55,12.5,899.54,0.88,1500,1926.67,0.12,120,450,8000,263.01,0.65,0.08,45.0,1.2,0.95,0.88,770.63,a9fcbec4c53a2533637082650fbcc07d10f9d57eceba67eda06c62af3639ea93,83acb4d6bb3237004ded5cd9807134ee36beb90f88404fb6fe22fc282038dbbf,51.48031748194687,-32.1234539981636
2025-03-22T14:03:38.872050,SKU-10004,General Electric Mark VIe Control System,Distributed Control Systems,Ghent Automotive Cluster,ABB Ltd,97.45,0.55,12.5,455.08,0.88,1500,4417.35,0.12,120,450,8000,339.23,0.65,0.08,45.0,1.2,0.95,0.88,473.76,c7ee2e61f5e6efcd44bfbe2c107824d6f6968590a396d50f68b72f3fe39274d7,a9fcbec4c53a2533637082650fbcc07d10f9d57eceba67eda06c62af3639ea93,-30.136876535644717,-90.30516447360831
2025-03-23T02:03:38.872050,SKU-10005,Phoenix Contact PLCnext Controller,Industrial Networking High-Speed,Shanghai Industrial District,Honeywell International,435.98,0.55,12.5,412.94,0.88,1500,1619.81,0.12,120,450,8000,589.97,0.65,0.08,45.0,1.2,0.95,0.88,606.89,ec40e4dadb3cebd26cfa256d1fd0797a3866d04580d9e4bf9c1b1860450e7a08,c7ee2e61f5e6efcd44bfbe2c107824d6f6968590a396d50f68b72f3fe39274d7,-8.832807141421306,-32.57422844822625
2025-03-23T14:03:38.872050,SKU-10006,Schneider Electric Altivar Variable Speed Drive,Industrial Networking High-Speed,Frankfurt Logistics Hub,Schneider Electric SE,415.45,0.55,12.5,397.0,0.88,1500,3597.84,0.12,120,450,8000,314.91,0.65,0.08,45.0,1.2,0.95,0.88,561.95,65764610e69f96a759b190f4146539ff1e11e230acc10427a4e874ad0349af2f,ec40e4dadb3cebd26cfa256d1fd0797a3866d04580d9e4bf9c1b1860450e7a08,57.13449014232435,11.362296885277118
2025-03-24T02:03:38.872050,SKU-10007,Yokogawa CENTUM VP Integrated Production Control System,Distributed Control Systems,Bangalore Tech Corridor,Siemens AG,71.83,0.55,12.5,430.34,0.88,1500,4612.38,0.12,120,450,8000,290.95,0.65,0.08,45.0,1.2,0.95,0.88,439.42,9782b9c67bb2fe6dc4fc8338109aa0c98a669e8b9d8b662a468d86b4867d1434,65764610e69f96a759b190f4146539ff1e11e230acc10427a4e874ad0349af2f,-21.771692743526604,-5.070507374925583
2025-03-24T14:03:38.872050,SKU-10008,Honeywell Experion PKS Controller,Industrial Logic Controllers,Shanghai Industrial District,ABB Ltd,90.3,0.55,12.5,268.02,0.88,1500,1372.75,0.12,120,450,8000,302.31,0.65,0.08,45.0,1.2,0.95,0.88,295.9,80b3dbdab7ee499c76e764df8ff13e6befd6fca1d7e3567bfb5216b07e5ed27f,9782b9c67bb2fe6dc4fc8338109aa0c98a669e8b9d8b662a468d86b4867d1434,20.966907227623004,-104.23093234351282
2025-03-25T02:03:38.872050,SKU-10009,Emerson DeltaV DCS Node,Robotic Assembly Systems,Shanghai Industrial District,Honeywell International,367.52,0.55,12.5,625.82,0.88,1500,4256.76,0.12,120,450,8000,519.38,0.65,0.08,45.0,1.2,0.95,0.88,739.9,3517ddbe2295e75d637c17922d3e747a3e42c62985debdd87b8ec63ed7a6b333,80b3dbdab7ee499c76e764df8ff13e6befd6fca1d7e3567bfb5216b07e5ed27f,-34.10521209571062,-108.24462045957678
2025-03-25T14:03:38.872050,SKU-10010,Fanuc R-2000iC Industrial Robot,Distributed Control Systems,Shanghai Industrial District,Honeywell International,114.64,0.55,12.5,926.83,0.88,1500,3641.34,0.12,120,450,8000,515.53,0.65,0.08,45.0,1.2,0.95,0.88,811.75,e3902567361200f0b9ad7c42273140d545a832a77eed51b0d15fdfb4376e2368,3517ddbe2295e75d637c17922d3e747a3e42c62985debdd87b8ec63ed7a6b333,-21.86323051238653,15.07373593860288
2025-03-26T02:03:38.872050,SKU-10011,KUKA KR QUANTEC-2 Robot,Robotic Assembly Systems,Texas Manufacturing Nexus,Schneider Electric SE,394.87,0.55,12.5,769.43,0.88,1500,4767.77,0.12,120,450,8000,529.63,0.65,0.08,45.0,1.2,0.95,0.88,855.26,784596442a25a66ff9aa007785f421b016aa7818c3ba32162ddeb8843f9a095b,e3902567361200f0b9ad7c42273140d545a832a77eed51b0d15fdfb4376e2368,14.87193290097251,108.9065442201344
2025-03-26T14:03:38.872050,SKU-10012,Emerson DeltaV DCS Node,Robotic Assembly Systems,Shanghai Industrial District,Siemens AG,390.18,0.55,12.5,222.97,0.88,1500,3089.9,0.12,120,450,8000,221.02,0.65,0.08,45.0,1.2,0.95,0.88,411.07,0d9edb23eb6ab167ada8d675fe7ae2bbf142fcba235cee09c8f4654df0ae2de4,784596442a25a66ff9aa007785f421b016aa7818c3ba32162ddeb8843f9a095b,1.3879822304894276,72.34514377515421
2025-03-27T02:03:38.872050,SKU-10013,Siemens Simatic S7-1500 Controller,Robotic Assembly Systems,Shanghai Industrial District,Siemens AG,96.26,0.55,12.5,218.79,0.88,1500,2393.35,0.12,120,450,8000,468.33,0.65,0.08,45.0,1.2,0.95,0.88,315.09,2ce6b917b9d366fc4e7731fbc4c4833383a1261668bc113544b211aeee4c0fed,0d9edb23eb6ab167ada8d675fe7ae2bbf142fcba235cee09c8f4654df0ae2de4,-8.222195309963595,131.17836029864907
2025-03-27T14:03:38.872050,SKU-10014,Honeywell Experion PKS Controller,Industrial Logic Controllers,Bangalore Tech Corridor,Honeywell International,207.12,0.55,12.5,836.99,0.88,1500,660.93,0.12,120,450,8000,494.2,0.65,0.08,45.0,1.2,0.95,0.88,746.0,a35257acb431b398253cbc34d1cf4360c93ca89df23533836a7e3abf7a079f6b,2ce6b917b9d366fc4e7731fbc4c4833383a1261668bc113544b211aeee4c0fed,30.255720510582407,67.04334752015345
2025-03-28T02:03:38.872050,SKU-10015,Honeywell Experion PKS Controller,Variable Speed Drives,Frankfurt Logistics Hub,Schneider Electric SE,61.19,0.55,12.5,730.31,0.88,1500,4601.59,0.12,120,450,8000,229.21,0.65,0.08,45.0,1.2,0.95,0.88,617.1,777892e4b96693ff212b1e60d12c2ba6dbc713b5833345478327d7e3316eee7c,a35257acb431b398253cbc34d1cf4360c93ca89df23533836a7e3abf7a079f6b,53.358811179958806,71.75427899363132
2025-03-28T14:03:38.872050,SKU-10016,KUKA KR QUANTEC-2 Robot,Industrial Logic Controllers,Bangalore Tech Corridor,Siemens AG,499.68,0.55,12.5,988.27,0.88,1500,2023.8,0.12,120,450,8000,459.57,0.65,0.08,45.0,1.2,0.95,0.88,989.5,58dd18361570e57839b04032323affa25b3374274916c38a0c6ce9e62dc1b734,777892e4b96693ff212b1e60d12c2ba6dbc713b5833345478327d7e3316eee7c,32.75465953304753,-94.65500027998696
2025-03-29T02:03:38.872050,SKU-10017,Phoenix Contact PLCnext Controller,Robotic Assembly Systems,Shanghai Industrial District,Schneider Electric SE,76.51,0.55,12.5,366.94,0.88,1500,1763.5,0.12,120,450,8000,530.91,0.65,0.08,45.0,1.2,0.95,0.88,405.57,681961f87ed4ccc1eec95e7195781f784733937b1435cf1a84249fdeba375443,58dd18361570e57839b04032323affa25b3374274916c38a0c6ce9e62dc1b734,-30.44634068863604,-64.35857107298423
2025-03-29T14:03:38.872050,SKU-10018,Honeywell Experion PKS Controller,Industrial Networking High-Speed,Bangalore Tech Corridor,Schneider Electric SE,342.76,0.55,12.5,775.99,0.88,1500,3521.06,0.12,120,450,8000,512.03,0.65,0.08,45.0,1.2,0.95,0.88,813.86,854770b4ac5b1328740afad98fad65285c142c197954cfc8a7c216ddb30d22ba,681961f87ed4ccc1eec95e7195781f784733937b1435cf1a84249fdeba375443,-38.60591420969187,-111.86834074170383
2025-03-30T02:03:38.872050,SKU-10019,Mitsubishi Electric MELSEC iQ-R Series,Variable Speed Drives,Ghent Automotive Cluster,ABB Ltd,144.89,0.55,12.5,899.29,0.88,1500,2891.73,0.12,120,450,8000,455.34,0.65,0.08,45.0,1.2,0.95,0.88,784.18,195299ec00f6cdd77ed87c3b0dc61fc9519ec48791254d14335be428f637c262,854770b4ac5b1328740afad98fad65285c142c197954cfc8a7c216ddb30d22ba,47.554443239941975,74.98211208518504
2025-03-30T14:03:38.872050,SKU-10020,Siemens Simatic S7-1500 Controller,Industrial Networking High-Speed,Frankfurt Logistics Hub,Siemens AG,382.96,0.55,12.5,174.63,0.88,1500,3924.32,0.12,120,450,8000,249.43,0.65,0.08,45.0,1.2,0.95,0.88,394.59,6a41ad9e291fa5a9803028a5ed744f2609aa37c42a49b3e890237777c5257615,195299ec00f6cdd77ed87c3b0dc61fc9519ec48791254d14335be428f637c262,5.83082507773716,-96.85875650295404
2025-03-31T02:03:38.872050,SKU-10021,KUKA KR QUANTEC-2 Robot,Industrial Logic Controllers,Frankfurt Logistics Hub,Honeywell International,330.52,0.55,12.5,237.65,0.88,1500,1412.09,0.12,120,450,8000,394.53,0.65,0.08,45.0,1.2,0.95,0.88,403.29,1e5a1497e61fac4e7b09814c5f10d26cdc55494b8de1c90766629b56c16c3bb0,6a41ad9e291fa5a9803028a5ed744f2609aa37c42a49b3e890237777c5257615,-27.847215602532458,-1.9634740835708584
2025-03-31T14:03:38.872050,SKU-10022,Fanuc R-2000iC Industrial Robot,Variable Speed Drives,Texas Manufacturing Nexus,Rockwell Automation Inc,294.59,0.55,12.5,903.75,0.88,1500,2266.36,0.12,120,450,8000,374.58,0.65,0.08,45.0,1.2,0.95,0.88,828.92,69f9c4b6114a15c5de46774390d93ab112146b2ec16dad19d2ee0386d4f91f8f,1e5a1497e61fac4e7b09814c5f10d26cdc55494b8de1c90766629b56c16c3bb0,10.46342427575118,-1.3648726695141704
2025-04-01T02:03:38.872050,SKU-10023,ABB IRB 6700 Industrial Robot,Industrial Networking High-Speed,Shanghai Industrial District,Rockwell Automation Inc,171.9,0.55,12.5,691.05,0.88,1500,1630.4,0.12,120,450,8000,274.75,0.65,0.08,45.0,1.2,0.95,0.88,605.94,3f3b83abc05f90df03d21078d2abc3d5370d9a84afd979e3dde4ce86c4e81877,69f9c4b6114a15c5de46774390d93ab112146b2ec16dad19d2ee0386d4f91f8f,19.7093652410029,5.97110392812759
2025-04-01T14:03:38.872050,SKU-10024,Rockwell Automation Allen-Bradley ControlLogix,Distributed Control Systems,Ghent Automotive Cluster,Rockwell Automation Inc,425.48,0.55,12.5,635.99,0.88,1500,2757.78,0.12,120,450,8000,269.82,0.65,0.08,45.0,1.2,0.95,0.88,700.19,642ad822db0d30cd164804e13ea42f3ab0746d0ab04988a985e512b95bcc14b8,3f3b83abc05f90df03d21078d2abc3d5370d9a84afd979e3dde4ce86c4e81877,14.216485861098597,125.8751207651735
2025-04-02T02:03:38.872050,SKU-10025,Danfoss VLT AutomationDrive FC 302,Variable Speed Drives,Ghent Automotive Cluster,ABB Ltd,432.32,0.55,12.5,465.74,0.88,1500,4756.99,0.12,120,450,8000,417.77,0.65,0.08,45.0,1.2,0.95,0.88,652.19,a024a7bab30e88e1e3618de24570d10c8065688c9869e95f923416f623571087,642ad822db0d30cd164804e13ea42f3ab0746d0ab04988a985e512b95bcc14b8,20.6904556196626,-27.689090771170868
2025-04-02T14:03:38.872050,SKU-10026,General Electric Mark VIe Control System,Industrial Networking High-Speed,Ghent Automotive Cluster,Siemens AG,464.14,0.55,12.5,727.11,0.88,1500,4169.51,0.12,120,450,8000,204.19,0.65,0.08,45.0,1.2,0.95,0.88,784.87,09df8c1cdc3bb97a7eca23b131bf87b981fa0c751acfa09918bf7c024438fb49,a024a7bab30e88e1e3618de24570d10c8065688c9869e95f923416f623571087,58.98071918757768,20.796454640997155
2025-04-03T02:03:38.872050,SKU-10027,Rockwell Automation Allen-Bradley ControlLogix,Variable Speed Drives,Texas Manufacturing Nexus,ABB Ltd,202.2,0.55,12.5,854.05,0.88,1500,4264.8,0.12,120,450,8000,302.58,0.65,0.08,45.0,1.2,0.95,0.88,770.61,ad74f50516329d0dab98c95aac5d03917d6d0a1f406f47c9e857dd68e0404206,09df8c1cdc3bb97a7eca23b131bf87b981fa0c751acfa09918bf7c024438fb49,-16.9079152270145,-108.50920584441425
2025-04-03T14:03:38.872050,SKU-10028,Rockwell Automation Allen-Bradley ControlLogix,Distributed Control Systems,Shanghai Industrial District,Siemens AG,371.82,0.55,12.5,884.86,0.88,1500,3684.02,0.12,120,450,8000,370.11,0.65,0.08,45.0,1.2,0.95,0.88,871.76,0e607968ac892ce548192ce15970902c0632c97a9501a3e1408f805ccedeb4c0,ad74f50516329d0dab98c95aac5d03917d6d0a1f406f47c9e857dd68e0404206,-1.0867713918339135,50.164786153961245
2025-04-04T02:03:38.872050,SKU-10029,Danfoss VLT AutomationDrive FC 302,Industrial Logic Controllers,Texas Manufacturing Nexus,Schneider Electric SE,163.18,0.55,12.5,586.26,0.88,1500,1422.1,0.12,120,450,8000,273.86,0.65,0.08,45.0,1.2,0.95,0.88,530.6,df3cf886b35c1cdafcebb6bb87a54e725767da1453d0af72c7e0d9fb86809c35,0e607968ac892ce548192ce15970902c0632c97a9501a3e1408f805ccedeb4c0,42.53185624224561,-23.53629499133922
2025-04-04T14:03:38.872050,SKU-10030,Phoenix Contact PLCnext Controller,Robotic Assembly Systems,Ghent Automotive Cluster,Honeywell International,461.01,0.55,12.5,812.21,0.88,1500,4000.37,0.12,120,450,8000,408.25,0.65,0.08,45.0,1.2,0.95,0.88,877.05,c91507beb47bee16448302b261999049b47d36549b9ae169dca240275a18d151,df3cf886b35c1cdafcebb6bb87a54e725767da1453d0af72c7e0d9fb86809c35,13.569907757911892,-69.94425658433042
2025-04-05T02:03:38.872050,SKU-10031,Schneider Electric Altivar Variable Speed Drive,Industrial Logic Controllers,Shanghai Industrial District,Siemens AG,194.92,0.55,12.5,313.15,0.88,1500,1961.9,0.12,120,450,8000,358.43,0.65,0.08,45.0,1.2,0.95,0.88,392.37,712da5432689279820eb024a0dcde256db11d3e4c0465906bf375ce7b9a191f0,c91507beb47bee16448302b261999049b47d36549b9ae169dca240275a18d151,-14.33961424960507,-5.65339799078707
2025-04-05T14:03:38.872050,SKU-10032,Emerson DeltaV DCS Node,Distributed Control Systems,Texas Manufacturing Nexus,Schneider Electric SE,135.05,0.55,12.5,267.16,0.88,1500,2508.44,0.12,120,450,8000,480.51,0.65,0.08,45.0,1.2,0.95,0.88,368.15,9ff38cae1f92bfd9518ca10e76adf49d7c8e906587a8fd846f0c9c21a1b69f96,712da5432689279820eb024a0dcde256db11d3e4c0465906bf375ce7b9a191f0,-12.805039388109261,13.418104988531013
2025-04-06T02:03:38.872050,SKU-10033,Phoenix Contact PLCnext Controller,Distributed Control Systems,Texas Manufacturing Nexus,Honeywell International,175.34,0.55,12.5,175.21,0.88,1500,2358.34,0.12,120,450,8000,352.97,0.65,0.08,45.0,1.2,0.95,0.88,298.76,b8c9a9e0e82303282bad2d4425da24378654b889946bac0793d6fb42b041176c,9ff38cae1f92bfd9518ca10e76adf49d7c8e906587a8fd846f0c9c21a1b69f96,-3.82471570053022,59.747743384705984
2025-04-06T14:03:38.872050,SKU-10034,Cisco IE-4010 Industrial Ethernet Switch,Variable Speed Drives,Shanghai Industrial District,Schneider Electric SE,391.51,0.55,12.5,866.66,0.88,1500,2107.64,0.12,120,450,8000,592.13,0.65,0.08,45.0,1.2,0.95,0.88,889.55,5d74b3db38bf131b31baeb39e8daa419bd07e861335113dcd9e04d60686579fb,b8c9a9e0e82303282bad2d4425da24378654b889946bac0793d6fb42b041176c,-20.72070963353778,-70.51529032623174
2025-04-07T02:03:38.872050,SKU-10035,Danfoss VLT AutomationDrive FC 302,Industrial Networking High-Speed,Bangalore Tech Corridor,Honeywell International,237.72,0.55,12.5,177.36,0.88,1500,2918.03,0.12,120,450,8000,313.31,0.65,0.08,45.0,1.2,0.95,0.88,328.69,b2ce2e9fcf7a72341775c1cf57523be44f422db73abcd7659fff589a03eaaf8d,5d74b3db38bf131b31baeb39e8daa419bd07e861335113dcd9e04d60686579fb,59.002032557071075,-106.52222809854955
2025-04-07T14:03:38.872050,SKU-10036,Emerson DeltaV DCS Node,Variable Speed Drives,Bangalore Tech Corridor,ABB Ltd,305.7,0.55,12.5,184.82,0.88,1500,2200.75,0.12,120,450,8000,211.98,0.65,0.08,45.0,1.2,0.95,0.88,333.11,25fb552654fbd6e9f94966bf09fa6552a57d1ef7cc28c4f763bbc956d65677ea,b2ce2e9fcf7a72341775c1cf57523be44f422db73abcd7659fff589a03eaaf8d,-13.183871672504196,65.64145601382378
2025-04-08T02:03:38.872050,SKU-10037,General Electric Mark VIe Control System,Variable Speed Drives,Bangalore Tech Corridor,Schneider Electric SE,249.45,0.55,12.5,144.84,0.88,1500,3997.02,0.12,120,450,8000,211.46,0.65,0.08,45.0,1.2,0.95,0.88,308.65,c1a5c18f2bcd239517260d3a162cb9ed15c31abb90c336c501af8fda10c2e1be,25fb552654fbd6e9f94966bf09fa6552a57d1ef7cc28c4f763bbc956d65677ea,-26.638093739078727,91.85988894331476
2025-04-08T14:03:38.872050,SKU-10038,Emerson DeltaV DCS Node,Variable Speed Drives,Bangalore Tech Corridor,Honeywell International,439.56,0.55,12.5,976.37,0.88,1500,2758.99,0.12,120,450,8000,383.96,0.65,0.08,45.0,1.2,0.95,0.88,950.62,fa3075475444faf29190b223a66da08182003daa8c72818c47114032767af7b1,c1a5c18f2bcd239517260d3a162cb9ed15c31abb90c336c501af8fda10c2e1be,48.68166380478449,-12.895653368613452
2025-04-09T02:03:38.872050,SKU-10039,Beckhoff New Automation Technology PC,Distributed Control Systems,Shanghai Industrial District,Schneider Electric SE,383.1,0.55,12.5,420.34,0.88,1500,4214.12,0.12,120,450,8000,262.96,0.65,0.08,45.0,1.2,0.95,0.88,561.42,c6054fd90dcf14c39f51d146cf851e33ac9a080e83152ea894643e6ad12d18e0,fa3075475444faf29190b223a66da08182003daa8c72818c47114032767af7b1,46.18250570824118,79.97054217222617
2025-04-09T14:03:38.872050,SKU-10040,Beckhoff New Automation Technology PC,Distributed Control Systems,Frankfurt Logistics Hub,ABB Ltd,334.75,0.55,12.5,971.86,0.88,1500,3628.5,0.12,120,450,8000,334.54,0.65,0.08,45.0,1.2,0.95,0.88,903.68,8db3543d409ef0c36f7686112a982d702763a1e85904505d2b4151169342ca1c,c6054fd90dcf14c39f51d146cf851e33ac9a080e83152ea894643e6ad12d18e0,13.21367203135219,26.808642313666923
2025-04-10T02:03:38.872050,SKU-10041,Cisco IE-4010 Industrial Ethernet Switch,Industrial Networking High-Speed,Texas Manufacturing Nexus,Honeywell International,106.69,0.55,12.5,762.24,0.88,1500,1028.32,0.12,120,450,8000,499.45,0.65,0.08,45.0,1.2,0.95,0.88,658.78,16a8862703b7840678240ed05104a0dc4be60d30a62b8ba53d12eb01ef25e359,8db3543d409ef0c36f7686112a982d702763a1e85904505d2b4151169342ca1c,13.847273971194454,-37.35123886424127
2025-04-10T14:03:38.872050,SKU-10042,Yokogawa CENTUM VP Integrated Production Control System,Robotic Assembly Systems,Bangalore Tech Corridor,Schneider Electric SE,332.81,0.55,12.5,450.14,0.88,1500,2219.08,0.12,120,450,8000,596.99,0.65,0.08,45.0,1.2,0.95,0.88,595.04,f8394c1ad8858024341f0bec986fdfd0c0f180714899e528a39fe6908acc39d9,16a8862703b7840678240ed05104a0dc4be60d30a62b8ba53d12eb01ef25e359,28.549684211852366,16.524192546587017
2025-04-11T02:03:38.872050,SKU-10043,ABB IRB 6700 Industrial Robot,Robotic Assembly Systems,Frankfurt Logistics Hub,Honeywell International,213.39,0.55,12.5,888.71,0.88,1500,4750.62,0.12,120,450,8000,226.71,0.65,0.08,45.0,1.2,0.95,0.88,790.29,0103bd1609c6b44f43b9722e4f4c4f4c37998e4fd55bc3a5ae08d823231669ad,f8394c1ad8858024341f0bec986fdfd0c0f180714899e528a39fe6908acc39d9,-33.89944363055167,89.43350665682814
2025-04-11T14:03:38.872050,SKU-10044,Yokogawa CENTUM VP Integrated Production Control System,Variable Speed Drives,Bangalore Tech Corridor,Rockwell Automation Inc,304.9,0.55,12.5,780.34,0.88,1500,4914.84,0.12,120,450,8000,441.0,0.65,0.08,45.0,1.2,0.95,0.88,806.35,333ef2b641cd423fcc2480fbd6ae3c27409feb7be689184098b6b0e21da2cb44,0103bd1609c6b44f43b9722e4f4c4f4c37998e4fd55bc3a5ae08d823231669ad,-12.745042785172444,-25.942307433016012
2025-04-12T02:03:38.872050,SKU-10045,Phoenix Contact PLCnext Controller,Industrial Networking High-Speed,Ghent Automotive Cluster,Rockwell Automation Inc,149.95,0.55,12.5,247.9,0.88,1500,4146.72,0.12,120,450,8000,253.54,0.65,0.08,45.0,1.2,0.95,0.88,341.52,7885afddd7c7d25ba26b1f14342eac401f4cf6fb65406b53e081d958b5f12453,333ef2b641cd423fcc2480fbd6ae3c27409feb7be689184098b6b0e21da2cb44,15.586819016674326,-106.33869729147277
2025-04-12T14:03:38.872050,SKU-10046,Emerson DeltaV DCS Node,Distributed Control Systems,Texas Manufacturing Nexus,Siemens AG,457.7,0.55,12.5,357.79,0.88,1500,3528.29,0.12,120,450,8000,358.88,0.65,0.08,45.0,1.2,0.95,0.88,563.23,3aa56a96b791a7f21bb1a5b0d6a8b1d370f5b39cd4b915bc93a33d722994f0bd,7885afddd7c7d25ba26b1f14342eac401f4cf6fb65406b53e081d958b5f12453,-31.235457679722074,86.10871594107311
2025-04-13T02:03:38.872050,SKU-10047,Phoenix Contact PLCnext Controller,Industrial Networking High-Speed,Bangalore Tech Corridor,Rockwell Automation Inc,396.24,0.55,12.5,825.85,0.88,1500,2522.68,0.12,120,450,8000,216.41,0.65,0.08,45.0,1.2,0.95,0.88,796.23,d58d577123256e7503f9b06ee378db4f3b5ae77d4bd2591f161bcc153aab67db,3aa56a96b791a7f21bb1a5b0d6a8b1d370f5b39cd4b915bc93a33d722994f0bd,11.962812500893548,-56.44510069186347
2025-04-13T14:03:38.872050,SKU-10048,Siemens Simatic S7-1500 Controller,Variable Speed Drives,Texas Manufacturing Nexus,Rockwell Automation Inc,67.8,0.55,12.5,770.16,0.88,1500,2050.96,0.12,120,450,8000,292.07,0.65,0.08,45.0,1.2,0.95,0.88,620.29,d63f79a653cf508596bdbdc953eb03ff7aab47dafbeaa33467e601463297ea26,d58d577123256e7503f9b06ee378db4f3b5ae77d4bd2591f161bcc153aab67db,1.3283844492910575,111.77940167687868
2025-04-14T02:03:38.872050,SKU-10049,Beckhoff New Automation Technology PC,Distributed Control Systems,Shanghai Industrial District,ABB Ltd,117.2,0.55,12.5,821.29,0.88,1500,4647.9,0.12,120,450,8000,572.3,0.65,0.08,45.0,1.2,0.95,0.88,770.76,ed36af7bc7ac8d69c080d2bea675a8117a5b5d23f3819d30470d3793259727a8,d63f79a653cf508596bdbdc953eb03ff7aab47dafbeaa33467e601463297ea26,35.72079754050624,64.53308325761571
2025-04-14T14:03:38.872050,SKU-10050,Emerson DeltaV DCS Node,Variable Speed Drives,Bangalore Tech Corridor,Siemens AG,372.08,0.55,12.5,606.24,0.88,1500,2179.89,0.12,120,450,8000,593.21,0.65,0.08,45.0,1.2,0.95,0.88,712.83,d940fcbf8b27434c0d5bc2105dda613028beb3d899504a90115193eb5d8b5036,ed36af7bc7ac8d69c080d2bea675a8117a5b5d23f3819d30470d3793259727a8,-17.67598414807052,-69.1909729530143
2025-04-15T02:03:38.872050,SKU-10051,Phoenix Contact PLCnext Controller,Robotic Assembly Systems,Texas Manufacturing Nexus,Schneider Electric SE,63.26,0.55,12.5,238.26,0.88,1500,4088.56,0.12,120,450,8000,206.78,0.65,0.08,45.0,1.2,0.95,0.88,286.02,7012eb738b5e5b5536bb374d2559f10f9e327336ea9678c041792d9e894421cf,d940fcbf8b27434c0d5bc2105dda613028beb3d899504a90115193eb5d8b5036,-14.466731225294446,39.55570344301813
2025-04-15T14:03:38.872050,SKU-10052,Mitsubishi Electric MELSEC iQ-R Series,Industrial Logic Controllers,Frankfurt Logistics Hub,Rockwell Automation Inc,292.05,0.55,12.5,371.77,0.88,1500,528.66,0.12,120,450,8000,389.43,0.65,0.08,45.0,1.2,0.95,0.88,458.88,d309b7e0e15e42a1438dfc4541330a4b9492e35a137bd3c6a454be629076d0bd,7012eb738b5e5b5536bb374d2559f10f9e327336ea9678c041792d9e894421cf,-34.31821288261904,-70.6914069365832
2025-04-16T02:03:38.872050,SKU-10053,Fanuc R-2000iC Industrial Robot,Distributed Control Systems,Frankfurt Logistics Hub,Rockwell Automation Inc,273.28,0.55,12.5,343.88,0.88,1500,4389.51,0.12,120,450,8000,235.89,0.65,0.08,45.0,1.2,0.95,0.88,459.52,f17130d92ce4f5fa7f4b51c34b507ad5bf020beb4b22240cba63113c58490408,d309b7e0e15e42a1438dfc4541330a4b9492e35a137bd3c6a454be629076d0bd,7.845593764691671,-84.64183745027889
2025-04-16T14:03:38.872050,SKU-10054,Fanuc R-2000iC Industrial Robot,Variable Speed Drives,Shanghai Industrial District,Rockwell Automation Inc,438.8,0.55,12.5,297.32,0.88,1500,4129.7,0.12,120,450,8000,578.42,0.65,0.08,45.0,1.2,0.95,0.88,568.35,a2920120c84c95fc68857c15eefe71c9b75da20f04c523632248cf7eff582ef4,f17130d92ce4f5fa7f4b51c34b507ad5bf020beb4b22240cba63113c58490408,-18.88755198962253,-27.468344096044106
2025-04-17T02:03:38.872050,SKU-10055,Siemens Simatic S7-1500 Controller,Industrial Logic Controllers,Bangalore Tech Corridor,ABB Ltd,343.93,0.55,12.5,704.26,0.88,1500,3020.07,0.12,120,450,8000,363.73,0.65,0.08,45.0,1.2,0.95,0.88,730.58,7c7fdc5a1c8478bca7c6ed247cb9d7775fed894255984ceccb14cb53d236af2f,a2920120c84c95fc68857c15eefe71c9b75da20f04c523632248cf7eff582ef4,28.438373232656502,-63.8582357570811
2025-04-17T14:03:38.872050,SKU-10056,Phoenix Contact PLCnext Controller,Industrial Logic Controllers,Frankfurt Logistics Hub,Rockwell Automation Inc,307.06,0.55,12.5,466.07,0.88,1500,122.81,0.12,120,450,8000,487.15,0.65,0.08,45.0,1.2,0.95,0.88,540.4,e4b359619062129aa4e6ac78124b712c429757ee5a54cc2c9fd2fc7482917fa2,7c7fdc5a1c8478bca7c6ed247cb9d7775fed894255984ceccb14cb53d236af2f,-13.07879799164434,-77.8382389085609
2025-04-18T02:03:38.872050,SKU-10057,Fanuc R-2000iC Industrial Robot,Robotic Assembly Systems,Ghent Automotive Cluster,ABB Ltd,221.19,0.55,12.5,774.56,0.88,1500,933.88,0.12,120,450,8000,209.22,0.65,0.08,45.0,1.2,0.95,0.88,658.85,93111ce869c30fb779bdc26ad7057851dbb957c17fa3ed0534d17f3cbee9da7b,e4b359619062129aa4e6ac78124b712c429757ee5a54cc2c9fd2fc7482917fa2,5.478920675173164,39.141576763122
2025-04-18T14:03:38.872050,SKU-10058,Siemens Simatic S7-1500 Controller,Robotic Assembly Systems,Bangalore Tech Corridor,Siemens AG,146.33,0.55,12.5,679.14,0.88,1500,107.62,0.12,120,450,8000,279.03,0.65,0.08,45.0,1.2,0.95,0.88,564.71,dedcfd57a15c41640d5e4fbd99440be5a646901e398a769597bbba46c1e7b389,93111ce869c30fb779bdc26ad7057851dbb957c17fa3ed0534d17f3cbee9da7b,23.77849338076748,-116.28267060512604
2025-04-19T02:03:38.872050,SKU-10059,Phoenix Contact PLCnext Controller,Industrial Networking High-Speed,Frankfurt Logistics Hub,Honeywell International,405.82,0.55,12.5,134.19,0.88,1500,4170.38,0.12,120,450,8000,386.23,0.65,0.08,45.0,1.2,0.95,0.88,409.64,b1c12f010a94b1a252e74c141381dfc99ea9af002f35270421fdc54621fc0d91,dedcfd57a15c41640d5e4fbd99440be5a646901e398a769597bbba46c1e7b389,-38.10967785690663,45.27700893298962
2025-04-19T14:03:38.872050,SKU-10060,Honeywell Experion PKS Controller,Industrial Logic Controllers,Bangalore Tech Corridor,Honeywell International,100.06,0.55,12.5,274.22,0.88,1500,1823.8,0.12,120,450,8000,455.7,0.65,0.08,45.0,1.2,0.95,0.88,341.76,fca66f41c83515c839d5cfdd14687564c170deae6a1d09a7704baa9bbbe1d923,b1c12f010a94b1a252e74c141381dfc99ea9af002f35270421fdc54621fc0d91,49.089056064363234,-64.4078595902754
2025-04-20T02:03:38.872050,SKU-10061,Yokogawa CENTUM VP Integrated Production Control System,Industrial Logic Controllers,Shanghai Industrial District,ABB Ltd,362.15,0.55,12.5,727.05,0.88,1500,2054.3,0.12,120,450,8000,581.0,0.65,0.08,45.0,1.2,0.95,0.88,782.57,1b5735afdf9d4fd7ac64c2d0375a8c4ca71a37a281c53ad360e9d8786b2b5f9a,fca66f41c83515c839d5cfdd14687564c170deae6a1d09a7704baa9bbbe1d923,-38.73028950249753,74.1972882800253
2025-04-20T14:03:38.872050,SKU-10062,Fanuc R-2000iC Industrial Robot,Industrial Networking High-Speed,Shanghai Industrial District,Honeywell International,54.87,0.55,12.5,104.38,0.88,1500,2205.25,0.12,120,450,8000,431.78,0.65,0.08,45.0,1.2,0.95,0.88,211.97,c1d599d6f3e5b59cf039656046d2971baf6df94bd10af5b2ae3cf03578485287,1b5735afdf9d4fd7ac64c2d0375a8c4ca71a37a281c53ad360e9d8786b2b5f9a,1.326787095873783,122.52821983979084
2025-04-21T02:03:38.872050,SKU-10063,Honeywell Experion PKS Controller,Distributed Control Systems,Shanghai Industrial District,Siemens AG,490.72,0.55,12.5,845.64,0.88,1500,3453.8,0.12,120,450,8000,314.34,0.65,0.08,45.0,1.2,0.95,0.88,885.17,c97d9e3673d28efa96e0677ba5e1d8f51050a3bfc163fb621cd35433eaea45d6,c1d599d6f3e5b59cf039656046d2971baf6df94bd10af5b2ae3cf03578485287,40.52754974679016,-13.039665968109645
2025-04-21T14:03:38.872050,SKU-10064,Honeywell Experion PKS Controller,Robotic Assembly Systems,Bangalore Tech Corridor,ABB Ltd,421.91,0.55,12.5,434.61,0.88,1500,967.03,0.12,120,450,8000,334.6,0.65,0.08,45.0,1.2,0.95,0.88,553.78,59e221fdbb042cd8eb66d5360f6bfbe5c79e0b45844b7a204133b1c76db8406d,c97d9e3673d28efa96e0677ba5e1d8f51050a3bfc163fb621cd35433eaea45d6,22.542642700980075,-65.86893277126771
2025-04-22T02:03:38.872050,SKU-10065,Danfoss VLT AutomationDrive FC 302,Robotic Assembly Systems,Frankfurt Logistics Hub,Siemens AG,332.85,0.55,12.5,704.5,0.88,1500,3008.64,0.12,120,450,8000,230.88,0.65,0.08,45.0,1.2,0.95,0.88,699.01,c86cd0ee3187ecc1f15d3c676f76e26c20f1ab3bc0379483902572ec61570556,59e221fdbb042cd8eb66d5360f6bfbe5c79e0b45844b7a204133b1c76db8406d,53.77940291906451,-80.50924344157579
2025-04-22T14:03:38.872050,SKU-10066,Honeywell Experion PKS Controller,Robotic Assembly Systems,Shanghai Industrial District,Honeywell International,141.17,0.55,12.5,539.13,0.88,1500,2511.05,0.12,120,450,8000,458.58,0.65,0.08,45.0,1.2,0.95,0.88,543.34,6d7c86e0b650530c38835d03e95da1129fd3dca7096f7fe98a8098fe2bef6037,c86cd0ee3187ecc1f15d3c676f76e26c20f1ab3bc0379483902572ec61570556,20.938915018941067,-68.4299525167635
2025-04-23T02:03:38.872050,SKU-10067,Yokogawa CENTUM VP Integrated Production Control System,Distributed Control Systems,Frankfurt Logistics Hub,ABB Ltd,388.7,0.55,12.5,422.17,0.88,1500,1917.88,0.12,120,450,8000,311.66,0.65,0.08,45.0,1.2,0.95,0.88,540.43,791e260d2f9765b476297c95c694763dd1efb8f4e2f4c7a73bf63a04a685329d,6d7c86e0b650530c38835d03e95da1129fd3dca7096f7fe98a8098fe2bef6037,-23.637314994956824,61.47356106257749
2025-04-23T14:03:38.872050,SKU-10068,Schneider Electric Altivar Variable Speed Drive,Variable Speed Drives,Frankfurt Logistics Hub,Rockwell Automation Inc,330.91,0.55,12.5,679.19,0.88,1500,1651.04,0.12,120,450,8000,529.43,0.65,0.08,45.0,1.2,0.95,0.88,721.03,cbaecb10c79b916b76ba3f8a88360073834abda3b45553226b2de2001a23da62,791e260d2f9765b476297c95c694763dd1efb8f4e2f4c7a73bf63a04a685329d,26.12605371374302,3.2845022903794217
2025-04-24T02:03:38.872050,SKU-10069,Schneider Electric Altivar Variable Speed Drive,Robotic Assembly Systems,Texas Manufacturing Nexus,Schneider Electric SE,110.68,0.55,12.5,923.33,0.88,1500,2680.23,0.12,120,450,8000,390.55,0.65,0.08,45.0,1.2,0.95,0.88,768.29,56200f6f11f59cf150e4551d396e747ff692f15de95cf9e6cfb80335ddbca910,cbaecb10c79b916b76ba3f8a88360073834abda3b45553226b2de2001a23da62,8.767667636628545,-14.614253043187105
2025-04-24T14:03:38.872050,SKU-10070,KUKA KR QUANTEC-2 Robot,Industrial Networking High-Speed,Bangalore Tech Corridor,Siemens AG,468.68,0.55,12.5,404.68,0.88,1500,1580.45,0.12,120,450,8000,273.3,0.65,0.08,45.0,1.2,0.95,0.88,552.31,08dec33e8b505bf465fdbf888e705df2cb49b4148cfd1015a22bfa976123c6b6,56200f6f11f59cf150e4551d396e747ff692f15de95cf9e6cfb80335ddbca910,-9.565941802717248,-92.1737605902255
2025-04-25T02:03:38.872050,SKU-10071,Mitsubishi Electric MELSEC iQ-R Series,Industrial Logic Controllers,Bangalore Tech Corridor,Siemens AG,102.56,0.55,12.5,940.71,0.88,1500,1674.58,0.12,120,450,8000,371.62,0.65,0.08,45.0,1.2,0.95,0.88,757.05,92f73d4904138cd09481c3843eee7c5328c1f51c7de22b3a76409d5d31146305,08dec33e8b505bf465fdbf888e705df2cb49b4148cfd1015a22bfa976123c6b6,57.13659299194936,-9.853669110473675
2025-04-25T14:03:38.872050,SKU-10072,Rockwell Automation Allen-Bradley ControlLogix,Distributed Control Systems,Ghent Automotive Cluster,Schneider Electric SE,357.66,0.55,12.5,652.39,0.88,1500,902.65,0.12,120,450,8000,263.8,0.65,0.08,45.0,1.2,0.95,0.88,651.3,705847c34fb9bbb7e45364f2e3009d4a2217096d8a15561f9645ccd3a085c67a,92f73d4904138cd09481c3843eee7c5328c1f51c7de22b3a76409d5d31146305,13.306190874396556,36.96450528478559
2025-04-26T02:03:38.872050,SKU-10073,KUKA KR QUANTEC-2 Robot,Industrial Networking High-Speed,Ghent Automotive Cluster,Honeywell International,380.0,0.55,12.5,492.3,0.88,1500,2735.24,0.12,120,450,8000,343.22,0.65,0.08,45.0,1.2,0.95,0.88,600.67,1e0c9e41572f75692f18b12729be22e221cf0147ccaea5cf6e47ba033b067009,705847c34fb9bbb7e45364f2e3009d4a2217096d8a15561f9645ccd3a085c67a,53.3867086689186,69.34599835326205
2025-04-26T14:03:38.872050,SKU-10074,Siemens Simatic S7-1500 Controller,Industrial Logic Controllers,Bangalore Tech Corridor,Schneider Electric SE,467.25,0.55,12.5,780.22,0.88,1500,251.79,0.12,120,450,8000,238.63,0.65,0.08,45.0,1.2,0.95,0.88,768.91,c194dc36120782fa000e8d9709796e3724cda41ffe303045fe1afbbecfd37692,1e0c9e41572f75692f18b12729be22e221cf0147ccaea5cf6e47ba033b067009,-18.368585204225795,76.27932187644427
2025-04-27T02:03:38.872050,SKU-10075,Rockwell Automation Allen-Bradley ControlLogix,Variable Speed Drives,Ghent Automotive Cluster,Schneider Electric SE,152.98,0.55,12.5,882.62,0.88,1500,282.09,0.12,120,450,8000,534.22,0.65,0.08,45.0,1.2,0.95,0.88,753.62,b63f99fce81ac8fb02c0549721ca6976f328472fe551c2cf93a52503ddc70f67,c194dc36120782fa000e8d9709796e3724cda41ffe303045fe1afbbecfd37692,39.75374318375809,130.25098444809475
2025-04-27T14:03:38.872050,SKU-10076,KUKA KR QUANTEC-2 Robot,Industrial Logic Controllers,Shanghai Industrial District,Honeywell International,133.15,0.55,12.5,667.33,0.88,1500,3623.66,0.12,120,450,8000,539.1,0.65,0.08,45.0,1.2,0.95,0.88,655.86,f634160e77c65e2b37d300c5c583f5cc768f6e5ef1dd481e8e9b4dee28a3cc49,b63f99fce81ac8fb02c0549721ca6976f328472fe551c2cf93a52503ddc70f67,25.9969496381365,-108.81636447949442
2025-04-28T02:03:38.872050,SKU-10077,KUKA KR QUANTEC-2 Robot,Variable Speed Drives,Bangalore Tech Corridor,Rockwell Automation Inc,417.41,0.55,12.5,478.29,0.88,1500,3454.28,0.12,120,450,8000,213.92,0.65,0.08,45.0,1.2,0.95,0.88,593.32,3e8284966ca7a7b6927f0c8faa4437a2ed60c054839a24ce73df6b3bfb1639a7,f634160e77c65e2b37d300c5c583f5cc768f6e5ef1dd481e8e9b4dee28a3cc49,-11.726952732079486,-47.093477592276486
2025-04-28T14:03:38.872050,SKU-10078,Fanuc R-2000iC Industrial Robot,Variable Speed Drives,Ghent Automotive Cluster,Honeywell International,70.18,0.55,12.5,474.16,0.88,1500,2502.75,0.12,120,450,8000,546.84,0.65,0.08,45.0,1.2,0.95,0.88,486.69,8851807e91a3e3ad6dfcc86a23500fca5ea82bafbfb67ad144f5eb7868a15b52,3e8284966ca7a7b6927f0c8faa4437a2ed60c054839a24ce73df6b3bfb1639a7,-0.7877246786430092,71.94192056738146
2025-04-29T02:03:38.872050,SKU-10079,Siemens Simatic S7-1500 Controller,Industrial Logic Controllers,Ghent Automotive Cluster,Honeywell International,497.46,0.55,12.5,932.11,0.88,1500,205.21,0.12,120,450,8000,406.55,0.65,0.08,45.0,1.2,0.95,0.88,914.12,86e93d58871335f343478c3802f82a7b387e86e6a42243653073b033bfa9bdc4,8851807e91a3e3ad6dfcc86a23500fca5ea82bafbfb67ad144f5eb7868a15b52,42.82363188722988,-35.31254118423534
2025-04-29T14:03:38.872050,SKU-10080,Honeywell Experion PKS Controller,Industrial Logic Controllers,Frankfurt Logistics Hub,Schneider Electric SE,95.55,0.55,12.5,498.94,0.88,1500,4727.51,0.12,120,450,8000,550.2,0.65,0.08,45.0,1.2,0.95,0.88,548.26,13bd1b77806a9e5e8924c680fc0403e528582602b5e6bc174e915ba8fb0e77f7,86e93d58871335f343478c3802f82a7b387e86e6a42243653073b033bfa9bdc4,-1.3837096691350226,-119.77696014436388
2025-04-30T02:03:38.872050,SKU-10081,Phoenix Contact PLCnext Controller,Variable Speed Drives,Shanghai Industrial District,Siemens AG,382.82,0.55,12.5,942.55,0.88,1500,3732.89,0.12,120,450,8000,531.29,0.65,0.08,45.0,1.2,0.95,0.88,947.18,cd98643e2fc1c0c00b341465264fac5c74c435baf8488dd74dc79dfa4f5ef86f,13bd1b77806a9e5e8924c680fc0403e528582602b5e6bc174e915ba8fb0e77f7,39.1529980700862,40.3957193779913
2025-04-30T14:03:38.872050,SKU-10082,Rockwell Automation Allen-Bradley ControlLogix,Distributed Control Systems,Shanghai Industrial District,ABB Ltd,69.49,0.55,12.5,631.58,0.88,1500,2621.95,0.12,120,450,8000,391.41,0.65,0.08,45.0,1.2,0.95,0.88,559.41,b6400094fc31bfae6b689b87bf8e6dbae5d7de25d0e90bed65ab87d42f3fd730,cd98643e2fc1c0c00b341465264fac5c74c435baf8488dd74dc79dfa4f5ef86f,-33.84761811901713,22.12061394171525
2025-05-01T02:03:38.872050,SKU-10083,Rockwell Automation Allen-Bradley ControlLogix,Distributed Control Systems,Shanghai Industrial District,Rockwell Automation Inc,241.84,0.55,12.5,855.27,0.88,1500,3060.18,0.12,120,450,8000,577.35,0.65,0.08,45.0,1.2,0.95,0.88,826.13,3f3ae62ff97775d8bdc265af4e3fdf31d7850ab4624357f3d1c61ff19f8821bd,b6400094fc31bfae6b689b87bf8e6dbae5d7de25d0e90bed65ab87d42f3fd730,43.852269151706466,-33.80183419139658
2025-05-01T14:03:38.872050,SKU-10084,Honeywell Experion PKS Controller,Robotic Assembly Systems,Frankfurt Logistics Hub,Schneider Electric SE,124.4,0.55,12.5,259.99,0.88,1500,2682.59,0.12,120,450,8000,414.3,0.65,0.08,45.0,1.2,0.95,0.88,348.07,7632e82a16844346d53f1743d12e3145f85f4c8ac8c30d4326fb4da4fcf3411d,3f3ae62ff97775d8bdc265af4e3fdf31d7850ab4624357f3d1c61ff19f8821bd,-21.247536677391373,9.575030545942155
2025-05-02T02:03:38.872050,SKU-10085,Rockwell Automation Allen-Bradley ControlLogix,Industrial Logic Controllers,Shanghai Industrial District,ABB Ltd,219.36,0.55,12.5,228.96,0.88,1500,4157.72,0.12,120,450,8000,210.24,0.65,0.08,45.0,1.2,0.95,0.88,351.95,1ba93f103a024c2472fca09b002135cfd3ea39010faa5d5fc259ccb8a22ac707,7632e82a16844346d53f1743d12e3145f85f4c8ac8c30d4326fb4da4fcf3411d,41.8018025258187,59.5190772165316
2025-05-02T14:03:38.872050,SKU-10086,Beckhoff New Automation Technology PC,Robotic Assembly Systems,Shanghai Industrial District,ABB Ltd,71.08,0.55,12.5,666.44,0.88,1500,2313.36,0.12,120,450,8000,277.08,0.65,0.08,45.0,1.2,0.95,0.88,555.29,25994a7730b2e80a38d9dca05e080eaa97416d281170adc71a2224ec72b9bb50,1ba93f103a024c2472fca09b002135cfd3ea39010faa5d5fc259ccb8a22ac707,-4.4652580651164016,-74.76361623394367
2025-05-03T02:03:38.872050,SKU-10087,General Electric Mark VIe Control System,Industrial Networking High-Speed,Bangalore Tech Corridor,Schneider Electric SE,392.65,0.55,12.5,915.16,0.88,1500,956.25,0.12,120,450,8000,398.2,0.65,0.08,45.0,1.2,0.95,0.88,865.53,3e29f69bf474a32b43e0e46c5d6dc56b276b34d67eece29259c533f715757e13,25994a7730b2e80a38d9dca05e080eaa97416d281170adc71a2224ec72b9bb50,-12.380207418964925,109.93008647718196
2025-05-03T14:03:38.872050,SKU-10088,Danfoss VLT AutomationDrive FC 302,Variable Speed Drives,Bangalore Tech Corridor,ABB Ltd,292.57,0.55,12.5,292.04,0.88,1500,2026.77,0.12,120,450,8000,358.01,0.65,0.08,45.0,1.2,0.95,0.88,423.49,4a0077bae6891f6e1509053d2a6f11d2dfb61013564613c7f3a6b02dc94a5dbd,3e29f69bf474a32b43e0e46c5d6dc56b276b34d67eece29259c533f715757e13,36.183563255016864,75.00841291849815
2025-05-04T02:03:38.872050,SKU-10089,Rockwell Automation Allen-Bradley ControlLogix,Robotic Assembly Systems,Shanghai Industrial District,Honeywell International,272.97,0.55,12.5,504.37,0.88,1500,178.42,0.12,120,450,8000,430.7,0.65,0.08,45.0,1.2,0.95,0.88,539.5,1aa0e07ede87d531a115d1d9fc35e922cc4579f0009f5af863b54c4924beb8e3,4a0077bae6891f6e1509053d2a6f11d2dfb61013564613c7f3a6b02dc94a5dbd,-20.104884014440024,-116.96292680730112
2025-05-04T14:03:38.872050,SKU-10090,Emerson DeltaV DCS Node,Variable Speed Drives,Shanghai Industrial District,Siemens AG,171.85,0.55,12.5,223.17,0.88,1500,2808.19,0.12,120,450,8000,510.37,0.65,0.08,45.0,1.2,0.95,0.88,366.59,c172a6db20bd90b1f68b2a12c2def96a9e48a4b434997b2d173ac52dd646b236,1aa0e07ede87d531a115d1d9fc35e922cc4579f0009f5af863b54c4924beb8e3,9.257730739370217,-34.63261916582846
2025-05-05T02:03:38.872050,SKU-10091,Danfoss VLT AutomationDrive FC 302,Variable Speed Drives,Ghent Automotive Cluster,Honeywell International,238.17,0.55,12.5,327.75,0.88,1500,3461.65,0.12,120,450,8000,554.15,0.65,0.08,45.0,1.2,0.95,0.88,482.97,5dd6379be04f7e995acc0ecd03a173b946ddcf6d50668a07f785dde29a8a1259,c172a6db20bd90b1f68b2a12c2def96a9e48a4b434997b2d173ac52dd646b236,56.672308948143225,-37.33821679624752
2025-05-05T14:03:38.872050,SKU-10092,Rockwell Automation Allen-Bradley ControlLogix,Industrial Logic Controllers,Bangalore Tech Corridor,Siemens AG,105.22,0.55,12.5,308.97,0.88,1500,2260.47,0.12,120,450,8000,213.15,0.65,0.08,45.0,1.2,0.95,0.88,324.72,5c128c2d81cd376f8355fce9d4b3d83dd7089cfbf4e0135e0927cc5b75fac634,5dd6379be04f7e995acc0ecd03a173b946ddcf6d50668a07f785dde29a8a1259,8.46970740578579,-102.61273715064507
2025-05-06T02:03:38.872050,SKU-10093,Beckhoff New Automation Technology PC,Distributed Control Systems,Ghent Automotive Cluster,Honeywell International,482.48,0.55,12.5,552.35,0.88,1500,1944.58,0.12,120,450,8000,363.76,0.65,0.08,45.0,1.2,0.95,0.88,678.06,d505386e16cf0c68755ac5841ac342ec01c518dbb7a3710259ab7b3135052805,5c128c2d81cd376f8355fce9d4b3d83dd7089cfbf4e0135e0927cc5b75fac634,-30.904291839157302,109.5706813383598
2025-05-06T14:03:38.872050,SKU-10094,ABB IRB 6700 Industrial Robot,Variable Speed Drives,Bangalore Tech Corridor,ABB Ltd,462.16,0.55,12.5,473.15,0.88,1500,2817.41,0.12,120,450,8000,464.48,0.65,0.08,45.0,1.2,0.95,0.88,650.68,44a5ead2a80f901d16b71fcb136fca61d82047c9b56df32d52211841cd4ce28e,d505386e16cf0c68755ac5841ac342ec01c518dbb7a3710259ab7b3135052805,8.432430871683877,51.70302610204976
2025-05-07T02:03:38.872050,SKU-10095,Cisco IE-4010 Industrial Ethernet Switch,Industrial Networking High-Speed,Frankfurt Logistics Hub,Schneider Electric SE,429.91,0.55,12.5,662.15,0.88,1500,254.43,0.12,120,450,8000,597.16,0.65,0.08,45.0,1.2,0.95,0.88,747.11,1d78bd71b90bf64f1efe9e82ad0ba3ffcc1120313b1aed47907c4aa1284018a0,44a5ead2a80f901d16b71fcb136fca61d82047c9b56df32d52211841cd4ce28e,13.00283805278422,-97.35506490985526
2025-05-07T14:03:38.872050,SKU-10096,General Electric Mark VIe Control System,Robotic Assembly Systems,Ghent Automotive Cluster,Rockwell Automation Inc,177.04,0.55,12.5,722.59,0.88,1500,3508.87,0.12,120,450,8000,365.16,0.65,0.08,45.0,1.2,0.95,0.88,675.02,1cb2304b592c4679f80a38eafa993c6add7cfaa05253125787014438fec1eeca,1d78bd71b90bf64f1efe9e82ad0ba3ffcc1120313b1aed47907c4aa1284018a0,10.045314334510408,40.50285850501152
2025-05-08T02:03:38.872050,SKU-10097,ABB IRB 6700 Industrial Robot,Robotic Assembly Systems,Frankfurt Logistics Hub,Honeywell International,98.26,0.55,12.5,646.93,0.88,1500,3436.72,0.12,120,450,8000,415.02,0.65,0.08,45.0,1.2,0.95,0.88,599.28,781819d797886b8759c5bb90e138bfd12d60ba197fbeb030806f27d80c933596,1cb2304b592c4679f80a38eafa993c6add7cfaa05253125787014438fec1eeca,56.56398164819781,133.05798221354613
2025-05-08T14:03:38.872050,SKU-10098,Danfoss VLT AutomationDrive FC 302,Distributed Control Systems,Frankfurt Logistics Hub,Rockwell Automation Inc,372.84,0.55,12.5,948.87,0.88,1500,4358.41,0.12,120,450,8000,547.97,0.65,0.08,45.0,1.2,0.95,0.88,959.51,b073b031ecd0f9f0831b4993c38faaaea4f1066a3f39ed832d4adec7a61c57d6,781819d797886b8759c5bb90e138bfd12d60ba197fbeb030806f27d80c933596,8.733119537994995,-99.23781099197171
2025-05-09T02:03:38.872050,SKU-10099,Mitsubishi Electric MELSEC iQ-R Series,Industrial Networking High-Speed,Frankfurt Logistics Hub,Rockwell Automation Inc,377.9,0.55,12.5,445.24,0.88,1500,3726.39,0.12,120,450,8000,434.17,0.65,0.08,45.0,1.2,0.95,0.88,602.19,d778e318cf0cfb950821c487e99c7bd4ea0e048a7ce4f9afc354d463a1e35351,b073b031ecd0f9f0831b4993c38faaaea4f1066a3f39ed832d4adec7a61c57d6,28.77307159337957,98.69660914121596
2025-05-09T14:03:38.872050,SKU-10100,Fanuc R-2000iC Industrial Robot,Robotic Assembly Systems,Bangalore Tech Corridor,Honeywell International,135.87,0.55,12.5,864.39,0.88,1500,2983.84,0.12,120,450,8000,493.74,0.65,0.08,45.0,1.2,0.95,0.88,766.5,d3a02f4e76f836686dc52875df18490523a344acc010c2ef7d8bee01745a26e7,d778e318cf0cfb950821c487e99c7bd4ea0e048a7ce4f9afc354d463a1e35351,54.92259175027425,-55.14943655935912
2025-05-10T02:03:38.872050,SKU-10101,Phoenix Contact PLCnext Controller,Distributed Control Systems,Shanghai Industrial District,Honeywell International,321.22,0.55,12.5,127.51,0.88,1500,1108.04,0.12,120,450,8000,472.09,0.65,0.08,45.0,1.2,0.95,0.88,338.47,2879a7d301f59b22c954a49e253d3acd3abacc3fb0b9dd82b59f9ba0cbab5ad2,d3a02f4e76f836686dc52875df18490523a344acc010c2ef7d8bee01745a26e7,-29.409986653029208,-53.966831721247274
2025-05-10T14:03:38.872050,SKU-10102,Cisco IE-4010 Industrial Ethernet Switch,Industrial Networking High-Speed,Frankfurt Logistics Hub,Schneider Electric SE,287.15,0.55,12.5,659.36,0.88,1500,1472.93,0.12,120,450,8000,588.65,0.65,0.08,45.0,1.2,0.95,0.88,697.63,ceb712d67b4008e06787cd4335a4502d42d0cf97272429e017fb74610cac15af,2879a7d301f59b22c954a49e253d3acd3abacc3fb0b9dd82b59f9ba0cbab5ad2,23.30804617661677,94.99114779297929
2025-05-11T02:03:38.872050,SKU-10103,ABB IRB 6700 Industrial Robot,Distributed Control Systems,Shanghai Industrial District,Rockwell Automation Inc,386.59,0.55,12.5,492.4,0.88,1500,2516.19,0.12,120,450,8000,509.94,0.65,0.08,45.0,1.2,0.95,0.88,633.76,e1713aee26b277b0133e6aafe86ded622d57882c41e8387e263b8287a0bb42ba,ceb712d67b4008e06787cd4335a4502d42d0cf97272429e017fb74610cac15af,14.634664645522633,0.5120282694994955
2025-05-11T14:03:38.872050,SKU-10104,Danfoss VLT AutomationDrive FC 302,Industrial Logic Controllers,Bangalore Tech Corridor,Rockwell Automation Inc,194.05,0.55,12.5,606.06,0.88,1500,4882.77,0.12,120,450,8000,316.72,0.65,0.08,45.0,1.2,0.95,0.88,617.85,9c3c0b781cca80c3cdc11c9e9cb68b00f0cbd2e306064128b4b8c880a4dd7513,e1713aee26b277b0133e6aafe86ded622d57882c41e8387e263b8287a0bb42ba,37.75986551615847,0.623243697110766
2025-05-12T02:03:38.872050,SKU-10105,Yokogawa CENTUM VP Integrated Production Control System,Industrial Logic Controllers,Bangalore Tech Corridor,Rockwell Automation Inc,481.52,0.55,12.5,719.85,0.88,1500,294.87,0.12,120,450,8000,223.09,0.65,0.08,45.0,1.2,0.95,0.88,733.63,e313facc1f96029ebb239dc8247145e1ddb17a7dd3c9fc21b6a83f3f1ce3be7d,9c3c0b781cca80c3cdc11c9e9cb68b00f0cbd2e306064128b4b8c880a4dd7513,-13.486472383815848,1.478652813942702
2025-05-12T14:03:38.872050,SKU-10106,Honeywell Experion PKS Controller,Industrial Networking High-Speed,Ghent Automotive Cluster,Honeywell International,198.24,0.55,12.5,882.38,0.88,1500,703.35,0.12,120,450,8000,557.5,0.65,0.08,45.0,1.2,0.95,0.88,784.81,b58bb497f198744b13d8327501b132b662f0f0223e7d7106e13f1637338ae8fb,e313facc1f96029ebb239dc8247145e1ddb17a7dd3c9fc21b6a83f3f1ce3be7d,-20.279182939221915,49.245661288805934
2025-05-13T02:03:38.872050,SKU-10107,General Electric Mark VIe Control System,Variable Speed Drives,Frankfurt Logistics Hub,Honeywell International,319.54,0.55,12.5,875.91,0.88,1500,4306.88,0.12,120,450,8000,486.22,0.65,0.08,45.0,1.2,0.95,0.88,874.98,60ff2a01c11806eb4b91d99d5baf6ae279ded665d265683210145ed90a7c7fcb,b58bb497f198744b13d8327501b132b662f0f0223e7d7106e13f1637338ae8fb,-32.07776484481934,56.63923231963631
2025-05-13T14:03:38.872050,SKU-10108,Yokogawa CENTUM VP Integrated Production Control System,Industrial Logic Controllers,Bangalore Tech Corridor,Schneider Electric SE,55.78,0.55,12.5,774.63,0.88,1500,2129.5,0.12,120,450,8000,456.84,0.65,0.08,45.0,1.2,0.95,0.88,651.92,a31f2ab562704e32c7dd0cb8023044d81e02c183148c8dd346097d4fdc990af7,60ff2a01c11806eb4b91d99d5baf6ae279ded665d265683210145ed90a7c7fcb,-9.222639594350575,0.7765230462691477
2025-05-14T02:03:38.872050,SKU-10109,Fanuc R-2000iC Industrial Robot,Robotic Assembly Systems,Shanghai Industrial District,ABB Ltd,156.04,0.55,12.5,178.5,0.88,1500,3089.79,0.12,120,450,8000,344.24,0.65,0.08,45.0,1.2,0.95,0.88,301.43,6d070aeeb199c5cc2faa36228ad7ca756220fe9afbfbc3f6eff6ef002c721a1b,a31f2ab562704e32c7dd0cb8023044d81e02c183148c8dd346097d4fdc990af7,-12.460062506159396,3.3748849843675117
2025-05-14T14:03:38.872050,SKU-10110,Schneider Electric Altivar Variable Speed Drive,Distributed Control Systems,Shanghai Industrial District,ABB Ltd,379.03,0.55,12.5,473.38,0.88,1500,2372.84,0.12,120,450,8000,374.07,0.65,0.08,45.0,1.2,0.95,0.88,588.67,761d30351ef43e78d2f344a2cf93758e622eff0f8db9b592b3fa71f202b27f90,6d070aeeb199c5cc2faa36228ad7ca756220fe9afbfbc3f6eff6ef002c721a1b,53.56862429926406,104.2069661347092
2025-05-15T02:03:38.872050,SKU-10111,Fanuc R-2000iC Industrial Robot,Distributed Control Systems,Ghent Automotive Cluster,ABB Ltd,369.63,0.55,12.5,786.81,0.88,1500,2643.9,0.12,120,450,8000,550.2,0.65,0.08,45.0,1.2,0.95,0.88,827.46,43b4a82a0e2a89aac7c7ebb697f9da201b7fe1039c74b5a11a297a6093444ec8,761d30351ef43e78d2f344a2cf93758e622eff0f8db9b592b3fa71f202b27f90,-8.397409668546217,1.7645581108898938
2025-05-15T14:03:38.872050,SKU-10112,General Electric Mark VIe Control System,Variable Speed Drives,Frankfurt Logistics Hub,ABB Ltd,485.84,0.55,12.5,513.54,0.88,1500,2826.15,0.12,120,450,8000,548.96,0.65,0.08,45.0,1.2,0.95,0.88,704.61,d531db75e01866e95a4be28d76790a33f997fd68d9e64cd16c058eb834bec469,43b4a82a0e2a89aac7c7ebb697f9da201b7fe1039c74b5a11a297a6093444ec8,14.149124343919134,-47.4990559027805
2025-05-16T02:03:38.872050,SKU-10113,Rockwell Automation Allen-Bradley ControlLogix,Industrial Logic Controllers,Shanghai Industrial District,Honeywell International,312.89,0.55,12.5,759.44,0.88,1500,3305.29,0.12,120,450,8000,316.3,0.65,0.08,45.0,1.2,0.95,0.88,747.27,dba636bab615adcd854eff37a15bacd06e9b5bc6372501d8bc6f1363c1b7fd81,d531db75e01866e95a4be28d76790a33f997fd68d9e64cd16c058eb834bec469,55.97499256388093,87.51646344358235
2025-05-16T14:03:38.872050,SKU-10114,Danfoss VLT AutomationDrive FC 302,Distributed Control Systems,Shanghai Industrial District,Siemens AG,197.29,0.55,12.5,587.35,0.88,1500,2069.78,0.12,120,450,8000,496.94,0.65,0.08,45.0,1.2,0.95,0.88,600.99,7e769bb180130b554c046656bd1066de14f0d26c7268d358fef894941e07efd5,dba636bab615adcd854eff37a15bacd06e9b5bc6372501d8bc6f1363c1b7fd81,57.095670630993126,57.057841513851
2025-05-17T02:03:38.872050,SKU-10115,ABB IRB 6700 Industrial Robot,Distributed Control Systems,Texas Manufacturing Nexus,ABB Ltd,243.24,0.55,12.5,799.49,0.88,1500,3678.42,0.12,120,450,8000,498.77,0.65,0.08,45.0,1.2,0.95,0.88,784.05,ada045de3a33d19217e5c091c07792569f43f8a5456c0a8ae556a63f87e394a8,7e769bb180130b554c046656bd1066de14f0d26c7268d358fef894941e07efd5,37.96363960412066,77.7651532807725
2025-05-17T14:03:38.872050,SKU-10116,Rockwell Automation Allen-Bradley ControlLogix,Variable Speed Drives,Shanghai Industrial District,Siemens AG,227.09,0.55,12.5,237.48,0.88,1500,1633.64,0.12,120,450,8000,340.85,0.65,0.08,45.0,1.2,0.95,0.88,349.23,9c3f928d6693c1c6752690a72bfa5e89613e75e58dba8bf637e7fdf5e306330c,ada045de3a33d19217e5c091c07792569f43f8a5456c0a8ae556a63f87e394a8,-16.28926264181759,-22.97550256058281
2025-05-18T02:03:38.872050,SKU-10117,Siemens Simatic S7-1500 Controller,Variable Speed Drives,Ghent Automotive Cluster,Honeywell International,245.34,0.55,12.5,940.88,0.88,1500,2982.48,0.12,120,450,8000,455.4,0.65,0.08,45.0,1.2,0.95,0.88,857.79,046614402bb45f777e51acd20358bbef5e05cf47f6992cce91b4bab080b9fb4d,9c3f928d6693c1c6752690a72bfa5e89613e75e58dba8bf637e7fdf5e306330c,52.713216336612575,78.66098126746871
2025-05-18T14:03:38.872050,SKU-10118,Phoenix Contact PLCnext Controller,Variable Speed Drives,Shanghai Industrial District,Honeywell International,57.93,0.55,12.5,369.58,0.88,1500,911.03,0.12,120,450,8000,568.67,0.65,0.08,45.0,1.2,0.95,0.88,393.7,9bc19dce3a558856a7b749a8465113a05ea58d7859d76c23324e9c38ef3188f1,046614402bb45f777e51acd20358bbef5e05cf47f6992cce91b4bab080b9fb4d,20.11591223809856,124.28109092287889
2025-05-19T02:03:38.872050,SKU-10119,Emerson DeltaV DCS Node,Robotic Assembly Systems,Ghent Automotive Cluster,Siemens AG,296.88,0.55,12.5,870.51,0.88,1500,3488.35,0.12,120,450,8000,425.28,0.65,0.08,45.0,1.2,0.95,0.88,836.81,347ca670fda155877c81b21ae9fdc33a232c69246df12b14588bdf42792f9e97,9bc19dce3a558856a7b749a8465113a05ea58d7859d76c23324e9c38ef3188f1,55.68461176243096,17.169379968875035
2025-05-19T14:03:38.872050,SKU-10120,Fanuc R-2000iC Industrial Robot,Distributed Control Systems,Ghent Automotive Cluster,ABB Ltd,114.27,0.55,12.5,640.61,0.88,1500,212.33,0.12,120,450,8000,572.35,0.65,0.08,45.0,1.2,0.95,0.88,585.48,44b0e43cb8e3b9396c1feefbc18694136dbdcfb1cd20d6637d744375242d1ea4,347ca670fda155877c81b21ae9fdc33a232c69246df12b14588bdf42792f9e97,-38.18165165357578,-48.45827810430504
2025-05-20T02:03:38.872050,SKU-10121,KUKA KR QUANTEC-2 Robot,Industrial Networking High-Speed,Bangalore Tech Corridor,Rockwell Automation Inc,125.07,0.55,12.5,151.03,0.88,1500,2701.3,0.12,120,450,8000,471.51,0.65,0.08,45.0,1.2,0.95,0.88,289.27,cccef4da098492bb7566f1b0b58cdc4c58ea6e2349b29a5050deb11d98b972d3,44b0e43cb8e3b9396c1feefbc18694136dbdcfb1cd20d6637d744375242d1ea4,57.60579680181755,14.803535183558552
2025-05-20T14:03:38.872050,SKU-10122,Fanuc R-2000iC Industrial Robot,Distributed Control Systems,Bangalore Tech Corridor,ABB Ltd,189.15,0.55,12.5,329.52,0.88,1500,994.0,0.12,120,450,8000,234.02,0.65,0.08,45.0,1.2,0.95,0.88,361.02,c088d5e6b926cfe38a0b180fbb6c381f723f821247af6437cb39e361f1b0b223,cccef4da098492bb7566f1b0b58cdc4c58ea6e2349b29a5050deb11d98b972d3,-15.434796830136651,134.38526085965407
2025-05-21T02:03:38.872050,SKU-10123,Beckhoff New Automation Technology PC,Distributed Control Systems,Ghent Automotive Cluster,Rockwell Automation Inc,79.28,0.55,12.5,855.51,0.88,1500,444.92,0.12,120,450,8000,502.99,0.65,0.08,45.0,1.2,0.95,0.88,699.03,5c77605a171f56a77a186816f5b783892fdfca2d2e2c2c35d9b9472febf753e2,c088d5e6b926cfe38a0b180fbb6c381f723f821247af6437cb39e361f1b0b223,53.347671559293104,-90.9908093217204
2025-05-21T14:03:38.872050,SKU-10124,Fanuc R-2000iC Industrial Robot,Distributed Control Systems,Shanghai Industrial District,Schneider Electric SE,189.71,0.55,12.5,723.28,0.88,1500,3466.04,0.12,120,450,8000,417.21,0.65,0.08,45.0,1.2,0.95,0.88,690.94,8451a7c3874144cbd5b2394a08a4449b637a1d0a5c59fef9e2f7dbd38b047ded,5c77605a171f56a77a186816f5b783892fdfca2d2e2c2c35d9b9472febf753e2,56.74003954430937,-17.123487786702796
2025-05-22T02:03:38.872050,SKU-10125,Beckhoff New Automation Technology PC,Robotic Assembly Systems,Shanghai Industrial District,Siemens AG,309.73,0.55,12.5,254.96,0.88,1500,646.25,0.12,120,450,8000,410.3,0.65,0.08,45.0,1.2,0.95,0.88,396.85,9ded73fc53cadf2fcb88047418c61f5ddf696dbaec48805f036e27e180443593,8451a7c3874144cbd5b2394a08a4449b637a1d0a5c59fef9e2f7dbd38b047ded,5.86881803398213,-105.74394155083637
2025-05-22T14:03:38.872050,SKU-10126,Danfoss VLT AutomationDrive FC 302,Variable Speed Drives,Ghent Automotive Cluster,Siemens AG,390.86,0.55,12.5,295.59,0.88,1500,1093.93,0.12,120,450,8000,274.82,0.65,0.08,45.0,1.2,0.95,0.88,439.39,7e6b5c4b784c7c1ddc48880f2e53fda914c3020cf68b3acaf954c8dc6b819ff5,9ded73fc53cadf2fcb88047418c61f5ddf696dbaec48805f036e27e180443593,-4.330218288564701,-6.186907907166898
2025-05-23T02:03:38.872050,SKU-10127,Emerson DeltaV DCS Node,Industrial Logic Controllers,Frankfurt Logistics Hub,Honeywell International,74.93,0.55,12.5,303.78,0.88,1500,1804.15,0.12,120,450,8000,587.88,0.65,0.08,45.0,1.2,0.95,0.88,375.81,b446964999f12966e23c4f4ea42a526686aee5fe963f537bf1c36d817881728e,7e6b5c4b784c7c1ddc48880f2e53fda914c3020cf68b3acaf954c8dc6b819ff5,4.963009924980291,123.54610609185627
2025-05-23T14:03:38.872050,SKU-10128,Emerson DeltaV DCS Node,Distributed Control Systems,Ghent Automotive Cluster,ABB Ltd,289.21,0.55,12.5,407.23,0.88,1500,4344.81,0.12,120,450,8000,535.36,0.65,0.08,45.0,1.2,0.95,0.88,567.09,0543fcd0a246f4ffb328d93ea204161fc8fa78d522b8fd12ba3548818a6f4923,b446964999f12966e23c4f4ea42a526686aee5fe963f537bf1c36d817881728e,21.37117938259079,45.376679902118525
2025-05-24T02:03:38.872050,SKU-10129,Honeywell Experion PKS Controller,Industrial Networking High-Speed,Shanghai Industrial District,Schneider Electric SE,318.26,0.55,12.5,437.46,0.88,1500,3233.68,0.12,120,450,8000,500.45,0.65,0.08,45.0,1.2,0.95,0.88,576.16,8f6b58810ed2ef97dcb2eb0d9615d80c1ced373f558956f5dbcb81c1b5d446a0,0543fcd0a246f4ffb328d93ea204161fc8fa78d522b8fd12ba3548818a6f4923,11.231181806735158,52.49831975362588
2025-05-24T14:03:38.872050,SKU-10130,Cisco IE-4010 Industrial Ethernet Switch,Variable Speed Drives,Bangalore Tech Corridor,Siemens AG,102.36,0.55,12.5,260.98,0.88,1500,3546.17,0.12,120,450,8000,476.01,0.65,0.08,45.0,1.2,0.95,0.88,364.1,97f5416b643f421d3a840010e141b26f5a9f0aeeeb6eb7c0f3d9e58b8f481c11,8f6b58810ed2ef97dcb2eb0d9615d80c1ced373f558956f5dbcb81c1b5d446a0,-12.018187009429745,60.42046254899313
2025-05-25T02:03:38.872050,SKU-10131,Rockwell Automation Allen-Bradley ControlLogix,Robotic Assembly Systems,Texas Manufacturing Nexus,Siemens AG,167.93,0.55,12.5,144.8,0.88,1500,1832.27,0.12,120,450,8000,385.98,0.65,0.08,45.0,1.2,0.95,0.88,274.37,07ec92e14650c29e9c36a19e423e9c1a5884882e434879465615f7b9428154d5,97f5416b643f421d3a840010e141b26f5a9f0aeeeb6eb7c0f3d9e58b8f481c11,-13.84938475052212,-109.87586098702053
2025-05-25T14:03:38.872050,SKU-10132,Siemens Simatic S7-1500 Controller,Variable Speed Drives,Bangalore Tech Corridor,Honeywell International,415.42,0.55,12.5,909.3,0.88,1500,4303.28,0.12,120,450,8000,380.87,0.65,0.08,45.0,1.2,0.95,0.88,918.71,e7f97d41986fa0c31725c6caf10b9a4acb7d7eba0b01cc39eb8e480543464f8e,07ec92e14650c29e9c36a19e423e9c1a5884882e434879465615f7b9428154d5,-39.56282818073444,30.663480751796783
2025-05-26T02:03:38.872050,SKU-10133,Beckhoff New Automation Technology PC,Robotic Assembly Systems,Frankfurt Logistics Hub,Schneider Electric SE,83.91,0.55,12.5,573.87,0.88,1500,2693.26,0.12,120,450,8000,259.82,0.65,0.08,45.0,1.2,0.95,0.88,503.14,763a43c39613af0cd64bc8a1da8f9b3179af275392bf85425026c280e092453d,e7f97d41986fa0c31725c6caf10b9a4acb7d7eba0b01cc39eb8e480543464f8e,-0.1727396062702624,-97.64922749594086
2025-05-26T14:03:38.872050,SKU-10134,Beckhoff New Automation Technology PC,Distributed Control Systems,Texas Manufacturing Nexus,Rockwell Automation Inc,159.27,0.55,12.5,750.68,0.88,1500,2089.17,0.12,120,450,8000,385.73,0.65,0.08,45.0,1.2,0.95,0.88,668.1,0bff69624cb1526fdb4cd9adcb0e1442f80148de796a8e34036f848e4dac9cd0,763a43c39613af0cd64bc8a1da8f9b3179af275392bf85425026c280e092453d,37.29839482490409,22.235072212585976
2025-05-27T02:03:38.872050,SKU-10135,Cisco IE-4010 Industrial Ethernet Switch,Industrial Logic Controllers,Bangalore Tech Corridor,Rockwell Automation Inc,427.16,0.55,12.5,363.13,0.88,1500,3429.96,0.12,120,450,8000,255.7,0.65,0.08,45.0,1.2,0.95,0.88,530.85,08c1178dcd7b2e1b5298fb6a6c599a7380658178ed545e4f46609e89b12976e8,0bff69624cb1526fdb4cd9adcb0e1442f80148de796a8e34036f848e4dac9cd0,40.23073667843677,135.28389258811168
2025-05-27T14:03:38.872050,SKU-10136,KUKA KR QUANTEC-2 Robot,Robotic Assembly Systems,Texas Manufacturing Nexus,ABB Ltd,105.6,0.55,12.5,249.43,0.88,1500,4354.47,0.12,120,450,8000,461.15,0.65,0.08,45.0,1.2,0.95,0.88,367.19,82ecf4de17bcdf6c82bb9c9454b96946486e9d55620efe48a85af168ed0206b0,08c1178dcd7b2e1b5298fb6a6c599a7380658178ed545e4f46609e89b12976e8,-19.174369254379563,-3.64795492782973
2025-05-28T02:03:38.872050,SKU-10137,Cisco IE-4010 Industrial Ethernet Switch,Variable Speed Drives,Bangalore Tech Corridor,Siemens AG,52.1,0.55,12.5,704.13,0.88,1500,1489.02,0.12,120,450,8000,355.49,0.65,0.08,45.0,1.2,0.95,0.88,574.56,58cb7eba9d200f0b9a8f3b01131e98a18e6303fe2f2da8b4379d9b0bcbaefcbd,82ecf4de17bcdf6c82bb9c9454b96946486e9d55620efe48a85af168ed0206b0,-0.9989268913441265,-112.19863357690848
2025-05-28T14:03:38.872050,SKU-10138,Danfoss VLT AutomationDrive FC 302,Variable Speed Drives,Texas Manufacturing Nexus,Siemens AG,102.05,0.55,12.5,987.55,0.88,1500,553.89,0.12,120,450,8000,247.74,0.65,0.08,45.0,1.2,0.95,0.88,745.69,7c8fcb135c844930ea72d5e1b21ed3807cc73a801f4f3fbc3dfc243170d90b95,58cb7eba9d200f0b9a8f3b01131e98a18e6303fe2f2da8b4379d9b0bcbaefcbd,19.540837695897316,78.42460691161173
2025-05-29T02:03:38.872050,SKU-10139,Rockwell Automation Allen-Bradley ControlLogix,Variable Speed Drives,Shanghai Industrial District,Honeywell International,459.14,0.55,12.5,166.73,0.88,1500,2026.8,0.12,120,450,8000,555.49,0.65,0.08,45.0,1.2,0.95,0.88,456.49,2a7648e81b33907c9b33fe5ebce902821b935f54f34a77530db091608d7892b7,7c8fcb135c844930ea72d5e1b21ed3807cc73a801f4f3fbc3dfc243170d90b95,-0.16617291796337952,134.68591444474444
2025-05-29T14:03:38.872050,SKU-10140,Honeywell Experion PKS Controller,Distributed Control Systems,Shanghai Industrial District,Schneider Electric SE,473.85,0.55,12.5,992.42,0.88,1500,480.71,0.12,120,450,8000,586.22,0.65,0.08,45.0,1.2,0.95,0.88,982.76,c5e2b853933257aeb4cbea8de431deb496383ca6be1e3d631317d3c772409295,2a7648e81b33907c9b33fe5ebce902821b935f54f34a77530db091608d7892b7,59.30200306870337,4.234352054235885
2025-05-30T02:03:38.872050,SKU-10141,Honeywell Experion PKS Controller,Robotic Assembly Systems,Shanghai Industrial District,ABB Ltd,492.87,0.55,12.5,695.59,0.88,1500,2391.42,0.12,120,450,8000,400.61,0.65,0.08,45.0,1.2,0.95,0.88,789.92,18bfe001fc8e9b9a7c5187cd1fef98c7d1911ad2a9ae652dba05139594926fa7,c5e2b853933257aeb4cbea8de431deb496383ca6be1e3d631317d3c772409295,-31.305124694010487,-23.424811393899134
2025-05-30T14:03:38.872050,SKU-10142,Mitsubishi Electric MELSEC iQ-R Series,Distributed Control Systems,Shanghai Industrial District,Rockwell Automation Inc,121.52,0.55,12.5,887.96,0.88,1500,2030.33,0.12,120,450,8000,537.48,0.65,0.08,45.0,1.2,0.95,0.88,769.81,25c3a3ce8aa556c08e22788632f6176624ed35ae18b5da70c19c3c1b0cebf290,18bfe001fc8e9b9a7c5187cd1fef98c7d1911ad2a9ae652dba05139594926fa7,-35.607106593651004,129.48153048557015
2025-05-31T02:03:38.872050,SKU-10143,KUKA KR QUANTEC-2 Robot,Industrial Networking High-Speed,Ghent Automotive Cluster,ABB Ltd,405.7,0.55,12.5,171.05,0.88,1500,3615.86,0.12,120,450,8000,567.42,0.65,0.08,45.0,1.2,0.95,0.88,461.47,74cb90ec40ceb5b9ffa16116f9d184a5f70465e9076ce99910175dab9b34c88e,25c3a3ce8aa556c08e22788632f6176624ed35ae18b5da70c19c3c1b0cebf290,-26.046152663770016,78.00516141633025
2025-05-31T14:03:38.872050,SKU-10144,ABB IRB 6700 Industrial Robot,Distributed Control Systems,Ghent Automotive Cluster,ABB Ltd,299.33,0.55,12.5,946.73,0.88,1500,2295.19,0.12,120,450,8000,386.25,0.65,0.08,45.0,1.2,0.95,0.88,861.75,1bdcb2c73a491b104ec004ce636fb29e445c54e8cd10c7f19749574051fb50d1,74cb90ec40ceb5b9ffa16116f9d184a5f70465e9076ce99910175dab9b34c88e,-22.793903404029955,-83.88101609093464
2025-06-01T02:03:38.872050,SKU-10145,Beckhoff New Automation Technology PC,Variable Speed Drives,Bangalore Tech Corridor,Honeywell International,436.1,0.55,12.5,174.39,0.88,1500,1722.82,0.12,120,450,8000,582.91,0.65,0.08,45.0,1.2,0.95,0.88,452.02,d85c6dc1102e23396be63837f08ea6ec013852d6a095594f19a358d152f0708c,1bdcb2c73a491b104ec004ce636fb29e445c54e8cd10c7f19749574051fb50d1,17.123752929886727,-70.11861453604487
2025-06-01T14:03:38.872050,SKU-10146,Fanuc R-2000iC Industrial Robot,Variable Speed Drives,Ghent Automotive Cluster,Honeywell International,155.38,0.55,12.5,220.49,0.88,1500,3337.47,0.12,120,450,8000,354.83,0.65,0.08,45.0,1.2,0.95,0.88,334.27,c3ea87576ec2b0481e53f820ffe639041b200511bac6eba546630722360b1502,d85c6dc1102e23396be63837f08ea6ec013852d6a095594f19a358d152f0708c,38.0807698835732,103.84365503605832
2025-06-02T02:03:38.872050,SKU-10147,General Electric Mark VIe Control System,Robotic Assembly Systems,Shanghai Industrial District,ABB Ltd,122.11,0.55,12.5,561.74,0.88,1500,4977.28,0.12,120,450,8000,219.2,0.65,0.08,45.0,1.2,0.95,0.88,538.58,1871d3581b4bd1a3b41f770c4390f615f72a922ea17e5fe5a68ca82abaf93828,c3ea87576ec2b0481e53f820ffe639041b200511bac6eba546630722360b1502,-30.4347868392677,-73.02982280023315
2025-06-02T14:03:38.872050,SKU-10148,Schneider Electric Altivar Variable Speed Drive,Industrial Networking High-Speed,Frankfurt Logistics Hub,Honeywell International,274.67,0.55,12.5,117.91,0.88,1500,2587.29,0.12,120,450,8000,225.55,0.65,0.08,45.0,1.2,0.95,0.88,284.16,776ec8a35b8db6798c8a2ccf65e1eb80bc65d17a3ae130a40a5ba28165467450,1871d3581b4bd1a3b41f770c4390f615f72a922ea17e5fe5a68ca82abaf93828,16.683900102253972,126.48592820043692
2025-06-03T02:03:38.872050,SKU-10149,Phoenix Contact PLCnext Controller,Industrial Networking High-Speed,Shanghai Industrial District,Rockwell Automation Inc,291.36,0.55,12.5,941.7,0.88,1500,3209.0,0.12,120,450,8000,505.82,0.65,0.08,45.0,1.2,0.95,0.88,892.52,f95f1f414993badd998bc703a15ff06c218408487c2224b2cfdb6020fc213a56,776ec8a35b8db6798c8a2ccf65e1eb80bc65d17a3ae130a40a5ba28165467450,-18.615504205849895,85.96680956377145
2025-06-03T14:03:38.872050,SKU-10150,Phoenix Contact PLCnext Controller,Robotic Assembly Systems,Bangalore Tech Corridor,ABB Ltd,450.29,0.55,12.5,714.96,0.88,1500,1603.11,0.12,120,450,8000,443.88,0.65,0.08,45.0,1.2,0.95,0.88,780.18,65094b5e1c495a334f40bb2d557140f3a21bebd0d8b89f2a49060f694f591f4b,f95f1f414993badd998bc703a15ff06c218408487c2224b2cfdb6020fc213a56,10.211249978385396,-41.846397360222596
2025-06-04T02:03:38.872050,SKU-10151,General Electric Mark VIe Control System,Distributed Control Systems,Shanghai Industrial District,Schneider Electric SE,89.96,0.55,12.5,599.72,0.88,1500,4599.33,0.12,120,450,8000,223.34,0.65,0.08,45.0,1.2,0.95,0.88,543.96,f941c076c47d1c0fb249328650129d049bc807135f83fa545abf78c141d473d4,65094b5e1c495a334f40bb2d557140f3a21bebd0d8b89f2a49060f694f591f4b,-0.3292447751123859,88.93191168781155
2025-06-04T14:03:38.872050,SKU-10152,Cisco IE-4010 Industrial Ethernet Switch,Variable Speed Drives,Bangalore Tech Corridor,ABB Ltd,409.69,0.55,12.5,865.66,0.88,1500,3586.69,0.12,120,450,8000,477.11,0.65,0.08,45.0,1.2,0.95,0.88,896.26,f2777768d5d0c92ec9427eddac9fc36acf8a08f70af992fa49f1b2b0a3eadf8a,f941c076c47d1c0fb249328650129d049bc807135f83fa545abf78c141d473d4,46.30109040892884,-77.26993619749993
2025-06-05T02:03:38.872050,SKU-10153,Rockwell Automation Allen-Bradley ControlLogix,Distributed Control Systems,Frankfurt Logistics Hub,Siemens AG,96.67,0.55,12.5,768.73,0.88,1500,4010.54,0.12,120,450,8000,333.41,0.65,0.08,45.0,1.2,0.95,0.88,670.02,350d277d248ff531eac54ab1228a9e21daf786cc95ecf52e8abdd2de2ee86aa5,f2777768d5d0c92ec9427eddac9fc36acf8a08f70af992fa49f1b2b0a3eadf8a,9.340957386314557,12.942521932629376
2025-06-05T14:03:38.872050,SKU-10154,Rockwell Automation Allen-Bradley ControlLogix,Distributed Control Systems,Ghent Automotive Cluster,Schneider Electric SE,115.64,0.55,12.5,833.75,0.88,1500,489.38,0.12,120,450,8000,361.07,0.65,0.08,45.0,1.2,0.95,0.88,673.53,96f07fc4156f1c21c38ece595f7f9ced87578858651e2ed77fc01ef8f3560013,350d277d248ff531eac54ab1228a9e21daf786cc95ecf52e8abdd2de2ee86aa5,29.06050250422831,-67.43664321110327
2025-06-06T02:03:38.872050,SKU-10155,Emerson DeltaV DCS Node,Variable Speed Drives,Bangalore Tech Corridor,ABB Ltd,335.61,0.55,12.5,779.29,0.88,1500,2550.94,0.12,120,450,8000,256.17,0.65,0.08,45.0,1.2,0.95,0.88,747.07,ac9ca4c8242d80227bb7d4ee2bd3af0cbc7bddbc2ef96db06d29b38233cc984a,96f07fc4156f1c21c38ece595f7f9ced87578858651e2ed77fc01ef8f3560013,-33.62608009139909,-49.110581029216405
2025-06-06T14:03:38.872050,SKU-10156,Phoenix Contact PLCnext Controller,Distributed Control Systems,Ghent Automotive Cluster,ABB Ltd,176.47,0.55,12.5,855.74,0.88,1500,4046.93,0.12,120,450,8000,226.8,0.65,0.08,45.0,1.2,0.95,0.88,741.71,3deec88ea1b6081d57d4762869b97e91c906c9de1895480b90b77947e7dc9471,ac9ca4c8242d80227bb7d4ee2bd3af0cbc7bddbc2ef96db06d29b38233cc984a,11.942980298875938,-82.68465355253804
2025-06-07T02:03:38.872050,SKU-10157,General Electric Mark VIe Control System,Variable Speed Drives,Frankfurt Logistics Hub,Rockwell Automation Inc,365.45,0.55,12.5,357.43,0.88,1500,2693.79,0.12,120,450,8000,460.2,0.65,0.08,45.0,1.2,0.95,0.88,529.23,391ba330528795dd85742ed71157b6ae8acf65fed444939c55a8ebb811dcf09e,3deec88ea1b6081d57d4762869b97e91c906c9de1895480b90b77947e7dc9471,46.30428034214374,-108.41314047983761
2025-06-07T14:03:38.872050,SKU-10158,General Electric Mark VIe Control System,Robotic Assembly Systems,Ghent Automotive Cluster,Siemens AG,84.27,0.55,12.5,610.8,0.88,1500,1726.21,0.12,120,450,8000,420.56,0.65,0.08,45.0,1.2,0.95,0.88,544.94,cd67bf76f0776d66ce1ffaf5bb8b8dad34e4ef12c41f408f17d71fd0aff2f4fd,391ba330528795dd85742ed71157b6ae8acf65fed444939c55a8ebb811dcf09e,34.79615859248412,121.91505471941952
2025-06-08T02:03:38.872050,SKU-10159,General Electric Mark VIe Control System,Distributed Control Systems,Texas Manufacturing Nexus,Siemens AG,54.43,0.55,12.5,649.97,0.88,1500,4427.14,0.12,120,450,8000,579.3,0.65,0.08,45.0,1.2,0.95,0.88,629.24,981203391136bd6b2e5dff289e23926c13c254c19c49ea98256baa682f48cd90,cd67bf76f0776d66ce1ffaf5bb8b8dad34e4ef12c41f408f17d71fd0aff2f4fd,26.4194812262285,77.35991592889962
2025-06-08T14:03:38.872050,SKU-10160,Schneider Electric Altivar Variable Speed Drive,Industrial Logic Controllers,Texas Manufacturing Nexus,Honeywell International,149.03,0.55,12.5,200.99,0.88,1500,2159.01,0.12,120,450,8000,593.16,0.65,0.08,45.0,1.2,0.95,0.88,348.72,e8eff38dfcd019729a3d98e6330fdcf884970ce04c27bf34f7898cd4b5f71c1b,981203391136bd6b2e5dff289e23926c13c254c19c49ea98256baa682f48cd90,36.59183468678748,-34.474109066070596
2025-06-09T02:03:38.872050,SKU-10161,Danfoss VLT AutomationDrive FC 302,Industrial Networking High-Speed,Ghent Automotive Cluster,Honeywell International,90.6,0.55,12.5,832.39,0.88,1500,2952.88,0.12,120,450,8000,440.83,0.65,0.08,45.0,1.2,0.95,0.88,714.28,7016720aec39797b68192cc8d54dfd28a3530523bdabf60c0e100dabfa1fc539,e8eff38dfcd019729a3d98e6330fdcf884970ce04c27bf34f7898cd4b5f71c1b,-11.019995777128909,-57.82608271989143
2025-06-09T14:03:38.872050,SKU-10162,Beckhoff New Automation Technology PC,Distributed Control Systems,Bangalore Tech Corridor,ABB Ltd,209.19,0.55,12.5,956.88,0.88,1500,3217.06,0.12,120,450,8000,468.06,0.65,0.08,45.0,1.2,0.95,0.88,857.97,e555bb187350204ab243d3c4f0f24271c84dca3fda88dbcec2e729ab5ee65446,7016720aec39797b68192cc8d54dfd28a3530523bdabf60c0e100dabfa1fc539,-31.83827663969938,100.24551240486025
2025-06-10T02:03:38.872050,SKU-10163,General Electric Mark VIe Control System,Industrial Logic Controllers,Shanghai Industrial District,Schneider Electric SE,169.05,0.55,12.5,919.7,0.88,1500,4172.64,0.12,120,450,8000,598.44,0.65,0.08,45.0,1.2,0.95,0.88,856.16,c5ba7f8190c2b782821461cde641a47c8b004894a716257e4442615c062f4476,e555bb187350204ab243d3c4f0f24271c84dca3fda88dbcec2e729ab5ee65446,27.85904229084653,-40.2170999382644
2025-06-10T14:03:38.872050,SKU-10164,Schneider Electric Altivar Variable Speed Drive,Industrial Networking High-Speed,Shanghai Industrial District,Schneider Electric SE,251.84,0.55,12.5,191.25,0.88,1500,2757.22,0.12,120,450,8000,502.06,0.65,0.08,45.0,1.2,0.95,0.88,379.41,a32ef55f336b36f1556d70caf5ce1128bf7f535659bf6ddff6f8b8fdbb3f2504,c5ba7f8190c2b782821461cde641a47c8b004894a716257e4442615c062f4476,4.182781902266235,-65.49787378399225
2025-06-11T02:03:38.872050,SKU-10165,Emerson DeltaV DCS Node,Robotic Assembly Systems,Frankfurt Logistics Hub,ABB Ltd,136.32,0.55,12.5,498.22,0.88,1500,3908.4,0.12,120,450,8000,585.77,0.65,0.08,45.0,1.2,0.95,0.88,560.96,166e2672ec9e8f853b6db77d4f56b378234676924fbf83dce0ae4fbecd8f3cdb,a32ef55f336b36f1556d70caf5ce1128bf7f535659bf6ddff6f8b8fdbb3f2504,56.96027359311027,-74.46976876787582
2025-06-11T14:03:38.872050,SKU-10166,Danfoss VLT AutomationDrive FC 302,Robotic Assembly Systems,Texas Manufacturing Nexus,Rockwell Automation Inc,321.2,0.55,12.5,506.39,0.88,1500,159.84,0.12,120,450,8000,456.07,0.65,0.08,45.0,1.2,0.95,0.88,567.31,0426ed65008126a98d7874cd7bc36e6afb469c5be081031195d26a0906cbcb21,166e2672ec9e8f853b6db77d4f56b378234676924fbf83dce0ae4fbecd8f3cdb,5.706726021974198,-95.35206764275296
2025-06-12T02:03:38.872050,SKU-10167,Danfoss VLT AutomationDrive FC 302,Industrial Logic Controllers,Shanghai Industrial District,Siemens AG,436.52,0.55,12.5,911.17,0.88,1500,2830.75,0.12,120,450,8000,341.24,0.65,0.08,45.0,1.2,0.95,0.88,899.4,9e11f77f4fd8ecc9117aabf9dc96c2c967f00251ef79a1baf64df2739e9cc722,0426ed65008126a98d7874cd7bc36e6afb469c5be081031195d26a0906cbcb21,57.96884190116127,-7.963803433993675
2025-06-12T14:03:38.872050,SKU-10168,Mitsubishi Electric MELSEC iQ-R Series,Robotic Assembly Systems,Ghent Automotive Cluster,Schneider Electric SE,77.43,0.55,12.5,814.93,0.88,1500,826.62,0.12,120,450,8000,259.51,0.65,0.08,45.0,1.2,0.95,0.88,628.85,c18124231914bbc14c4858239a1da8797ebbeec7b17c880afa15614e06d98581,9e11f77f4fd8ecc9117aabf9dc96c2c967f00251ef79a1baf64df2739e9cc722,-7.959367817862123,-34.9189923484556
2025-06-13T02:03:38.872050,SKU-10169,KUKA KR QUANTEC-2 Robot,Industrial Logic Controllers,Ghent Automotive Cluster,Honeywell International,242.02,0.55,12.5,331.09,0.88,1500,2316.69,0.12,120,450,8000,281.95,0.65,0.08,45.0,1.2,0.95,0.88,415.26,3765f5185dc6d36574e3b30c4a2dcd7f0c7916854e3e9c7141a6a67960951d07,c18124231914bbc14c4858239a1da8797ebbeec7b17c880afa15614e06d98581,11.859496308787456,115.01399541386922
2025-06-13T14:03:38.872050,SKU-10170,Emerson DeltaV DCS Node,Variable Speed Drives,Bangalore Tech Corridor,Honeywell International,79.73,0.55,12.5,255.69,0.88,1500,2937.11,0.12,120,450,8000,423.31,0.65,0.08,45.0,1.2,0.95,0.88,330.79,ed53f853015e8b16db04da491852578044d0a11a5d04c208649006641b5f86ca,3765f5185dc6d36574e3b30c4a2dcd7f0c7916854e3e9c7141a6a67960951d07,3.11292899953267,18.96892505797149
2025-06-14T02:03:38.872050,SKU-10171,Honeywell Experion PKS Controller,Industrial Networking High-Speed,Bangalore Tech Corridor,Schneider Electric SE,230.72,0.55,12.5,255.51,0.88,1500,578.16,0.12,120,450,8000,443.84,0.65,0.08,45.0,1.2,0.95,0.88,367.34,7db2d868d3fd3c9536b433f5b89db4303838e02dba3a2fc9c4437af296f1b9ed,ed53f853015e8b16db04da491852578044d0a11a5d04c208649006641b5f86ca,-18.639143385195055,85.16163558412302
2025-06-14T14:03:38.872050,SKU-10172,General Electric Mark VIe Control System,Industrial Logic Controllers,Texas Manufacturing Nexus,Siemens AG,147.41,0.55,12.5,347.45,0.88,1500,1664.53,0.12,120,450,8000,288.12,0.65,0.08,45.0,1.2,0.95,0.88,374.77,da0a8d725f46773aec791aa454e0a30b805ef70491adb1b8266cffe2cf3bd979,7db2d868d3fd3c9536b433f5b89db4303838e02dba3a2fc9c4437af296f1b9ed,7.3765244784525095,-77.3500576345355
2025-06-15T02:03:38.872050,SKU-10173,Yokogawa CENTUM VP Integrated Production Control System,Variable Speed Drives,Bangalore Tech Corridor,ABB Ltd,215.94,0.55,12.5,932.24,0.88,1500,1131.43,0.12,120,450,8000,322.86,0.65,0.08,45.0,1.2,0.95,0.88,784.67,e2976cc8adfa766d2d3d7a24bbc1ecc6405db64e412b1c7a13cdab40d0a2259a,da0a8d725f46773aec791aa454e0a30b805ef70491adb1b8266cffe2cf3bd979,-16.270795934736668,17.11490613978171
2025-06-15T14:03:38.872050,SKU-10174,KUKA KR QUANTEC-2 Robot,Industrial Networking High-Speed,Frankfurt Logistics Hub,Siemens AG,412.45,0.55,12.5,107.85,0.88,1500,4759.39,0.12,120,450,8000,397.94,0.65,0.08,45.0,1.2,0.95,0.88,406.69,e8e4d42f53616bb3eebb552886455a4d115ce69b89b2e4a7c910a01f2f6df83a,e2976cc8adfa766d2d3d7a24bbc1ecc6405db64e412b1c7a13cdab40d0a2259a,17.23051058822969,8.665027025425019
2025-06-16T02:03:38.872050,SKU-10175,Siemens Simatic S7-1500 Controller,Industrial Networking High-Speed,Texas Manufacturing Nexus,Rockwell Automation Inc,64.37,0.55,12.5,837.2,0.88,1500,3330.5,0.12,120,450,8000,462.09,0.65,0.08,45.0,1.2,0.95,0.88,715.52,d68cd0e56bb3ebca248d0f1448e38dd8f5b120ddd5b93a38b9242c9925c44a50,e8e4d42f53616bb3eebb552886455a4d115ce69b89b2e4a7c910a01f2f6df83a,18.553898224959624,47.51561840120954
2025-06-16T14:03:38.872050,SKU-10176,Yokogawa CENTUM VP Integrated Production Control System,Industrial Networking High-Speed,Ghent Automotive Cluster,Siemens AG,137.49,0.55,12.5,670.58,0.88,1500,1478.9,0.12,120,450,8000,215.3,0.65,0.08,45.0,1.2,0.95,0.88,562.99,5b8bde1568474cd3f883d25e65f422039246fa9c34129c1afb40633f08287747,d68cd0e56bb3ebca248d0f1448e38dd8f5b120ddd5b93a38b9242c9925c44a50,-0.7335041150204233,39.135183226823216
2025-06-17T02:03:38.872050,SKU-10177,KUKA KR QUANTEC-2 Robot,Industrial Networking High-Speed,Texas Manufacturing Nexus,Schneider Electric SE,60.2,0.55,12.5,963.05,0.88,1500,4202.4,0.12,120,450,8000,494.61,0.65,0.08,45.0,1.2,0.95,0.88,815.03,8f67bded9ba6e6fe75fa4f4d529aa21354b17ece6a9c21c2666cb34f35388e02,5b8bde1568474cd3f883d25e65f422039246fa9c34129c1afb40633f08287747,7.436839519936626,87.83530766425099
2025-06-17T14:03:38.872050,SKU-10178,Siemens Simatic S7-1500 Controller,Industrial Networking High-Speed,Frankfurt Logistics Hub,Schneider Electric SE,495.52,0.55,12.5,563.42,0.88,1500,1888.42,0.12,120,450,8000,291.81,0.65,0.08,45.0,1.2,0.95,0.88,675.9,e59881736b0796e6fe1bbbb71c1556f91491e7000753f511ed2c0d29815c03a7,8f67bded9ba6e6fe75fa4f4d529aa21354b17ece6a9c21c2666cb34f35388e02,37.61999513698507,88.14382913439928
2025-06-18T02:03:38.872050,SKU-10179,Emerson DeltaV DCS Node,Distributed Control Systems,Texas Manufacturing Nexus,Siemens AG,62.99,0.55,12.5,581.3,0.88,1500,2068.24,0.12,120,450,8000,308.44,0.65,0.08,45.0,1.2,0.95,0.88,498.9,9d3e83645bae84507b8fc7546af008075e63b8cfdf5890ad2e15430b509df512,e59881736b0796e6fe1bbbb71c1556f91491e7000753f511ed2c0d29815c03a7,30.031215805809737,2.979348757085745
2025-06-18T14:03:38.872050,SKU-10180,Beckhoff New Automation Technology PC,Distributed Control Systems,Bangalore Tech Corridor,ABB Ltd,303.61,0.55,12.5,818.66,0.88,1500,1793.36,0.12,120,450,8000,408.85,0.65,0.08,45.0,1.2,0.95,0.88,777.43,07e870413c1bcbaa2d0d7f7e567b92a0888698d9f5d4ce9c510af570f660b7b1,9d3e83645bae84507b8fc7546af008075e63b8cfdf5890ad2e15430b509df512,-33.19301840811765,-94.2017715133099
2025-06-19T02:03:38.872050,SKU-10181,KUKA KR QUANTEC-2 Robot,Industrial Networking High-Speed,Texas Manufacturing Nexus,ABB Ltd,401.87,0.55,12.5,905.93,0.88,1500,496.78,0.12,120,450,8000,506.62,0.65,0.08,45.0,1.2,0.95,0.88,878.47,39f1eb30a951475a18974e474a6ad84aa6857d002d54e16c9bec94a03292a650,07e870413c1bcbaa2d0d7f7e567b92a0888698d9f5d4ce9c510af570f660b7b1,-21.603049807149965,135.25176432445977
2025-06-19T14:03:38.872050,SKU-10182,Mitsubishi Electric MELSEC iQ-R Series,Industrial Networking High-Speed,Frankfurt Logistics Hub,ABB Ltd,255.13,0.55,12.5,760.65,0.88,1500,4545.99,0.12,120,450,8000,472.14,0.65,0.08,45.0,1.2,0.95,0.88,771.85,49cfa1d2b7faf6afb8333f3c3012a5c76c7d40d01e526b6b5a448adb5e6fa6c6,39f1eb30a951475a18974e474a6ad84aa6857d002d54e16c9bec94a03292a650,47.7607016452356,110.67053346187208
2025-06-20T02:03:38.872050,SKU-10183,Schneider Electric Altivar Variable Speed Drive,Industrial Networking High-Speed,Ghent Automotive Cluster,Schneider Electric SE,264.61,0.55,12.5,686.02,0.88,1500,189.71,0.12,120,450,8000,422.61,0.65,0.08,45.0,1.2,0.95,0.88,652.35,d4996c3a0e45a10974d0bdb7c3bd7ffa7ac8a518173b19d89fd798aba487b711,49cfa1d2b7faf6afb8333f3c3012a5c76c7d40d01e526b6b5a448adb5e6fa6c6,56.3297647123388,-71.28425583940738
2025-06-20T14:03:38.872050,SKU-10184,Cisco IE-4010 Industrial Ethernet Switch,Robotic Assembly Systems,Bangalore Tech Corridor,Rockwell Automation Inc,160.27,0.55,12.5,781.75,0.88,1500,4327.13,0.12,120,450,8000,493.19,0.65,0.08,45.0,1.2,0.95,0.88,743.8,4b3a5ff3b2ff66796463a4910727dba618318339b38c257b9f444de62c308cda,d4996c3a0e45a10974d0bdb7c3bd7ffa7ac8a518173b19d89fd798aba487b711,19.65308441032311,84.80814919626684
2025-06-21T02:03:38.872050,SKU-10185,Rockwell Automation Allen-Bradley ControlLogix,Industrial Logic Controllers,Ghent Automotive Cluster,Honeywell International,305.26,0.55,12.5,281.41,0.88,1500,1403.56,0.12,120,450,8000,387.63,0.65,0.08,45.0,1.2,0.95,0.88,418.86,5444085c72363d86ef4d21c698022d3702115f68515bcd4bf0adbe0ec8e30cac,4b3a5ff3b2ff66796463a4910727dba618318339b38c257b9f444de62c308cda,36.141035127784335,52.20002144427664
2025-06-21T14:03:38.872050,SKU-10186,Rockwell Automation Allen-Bradley ControlLogix,Industrial Networking High-Speed,Texas Manufacturing Nexus,ABB Ltd,114.81,0.55,12.5,202.63,0.88,1500,3709.3,0.12,120,450,8000,447.75,0.65,0.08,45.0,1.2,0.95,0.88,328.56,4443f1f5d999357e608991f4fe9aba2de45f4500d6e23b2fc138ba4e38dfa528,5444085c72363d86ef4d21c698022d3702115f68515bcd4bf0adbe0ec8e30cac,-11.527170780783976,59.163783205694784
2025-06-22T02:03:38.872050,SKU-10187,Siemens Simatic S7-1500 Controller,Robotic Assembly Systems,Ghent Automotive Cluster,Rockwell Automation Inc,235.32,0.55,12.5,983.81,0.88,1500,1491.17,0.12,120,450,8000,463.58,0.65,0.08,45.0,1.2,0.95,0.88,860.45,0fe0f26d8d31d092cedbc7306d7fdec21860c44c4ca624e47fc8005f42dfb874,4443f1f5d999357e608991f4fe9aba2de45f4500d6e23b2fc138ba4e38dfa528,13.601255536730385,93.12896699850603
2025-06-22T14:03:38.872050,SKU-10188,Cisco IE-4010 Industrial Ethernet Switch,Industrial Logic Controllers,Shanghai Industrial District,ABB Ltd,428.92,0.55,12.5,370.49,0.88,1500,807.09,0.12,120,450,8000,338.04,0.65,0.08,45.0,1.2,0.95,0.88,513.55,810fb88becb1f5aa78b4d7dc17d3360d9d2cd86d6041bb10dccfb38d375bb480,0fe0f26d8d31d092cedbc7306d7fdec21860c44c4ca624e47fc8005f42dfb874,16.91310789872619,78.7257955243677
2025-06-23T02:03:38.872050,SKU-10189,Danfoss VLT AutomationDrive FC 302,Industrial Logic Controllers,Bangalore Tech Corridor,ABB Ltd,201.45,0.55,12.5,315.73,0.88,1500,4746.67,0.12,120,450,8000,321.68,0.65,0.08,45.0,1.2,0.95,0.88,431.41,dde3f7781f05b9fccc6c574c9ae16c5dc7db9c6f24a79b62b6cc94d2ffa184a3,810fb88becb1f5aa78b4d7dc17d3360d9d2cd86d6041bb10dccfb38d375bb480,22.730284195940733,-67.05453541096098
2025-06-23T14:03:38.872050,SKU-10190,Honeywell Experion PKS Controller,Industrial Logic Controllers,Texas Manufacturing Nexus,Rockwell Automation Inc,61.63,0.55,12.5,222.57,0.88,1500,2347.76,0.12,120,450,8000,323.32,0.65,0.08,45.0,1.2,0.95,0.88,272.28,4f63de2cb583cc9da20c993478f23933fdc0c2024d0add1267edff9966d3c65e,dde3f7781f05b9fccc6c574c9ae16c5dc7db9c6f24a79b62b6cc94d2ffa184a3,6.495658807116655,-5.972413512871498
2025-06-24T02:03:38.872050,SKU-10191,Mitsubishi Electric MELSEC iQ-R Series,Industrial Networking High-Speed,Frankfurt Logistics Hub,ABB Ltd,175.7,0.55,12.5,209.91,0.88,1500,4950.88,0.12,120,450,8000,519.66,0.65,0.08,45.0,1.2,0.95,0.88,393.7,6823ed16e44db3c9b0cdfaa410180addacbc930b2e18ac2daf7879a3e04c6eb8,4f63de2cb583cc9da20c993478f23933fdc0c2024d0add1267edff9966d3c65e,55.828282547898525,57.33027312849924
2025-06-24T14:03:38.872050,SKU-10192,Beckhoff New Automation Technology PC,Robotic Assembly Systems,Shanghai Industrial District,Honeywell International,395.76,0.55,12.5,316.93,0.88,1500,1614.22,0.12,120,450,8000,541.2,0.65,0.08,45.0,1.2,0.95,0.88,516.54,16b1b4da9e82da776b73166d1cd9d86b34435039011d52fe2f4e305fdcdc5c1a,6823ed16e44db3c9b0cdfaa410180addacbc930b2e18ac2daf7879a3e04c6eb8,16.436192510563487,-110.16679227639065
2025-06-25T02:03:38.872050,SKU-10193,Danfoss VLT AutomationDrive FC 302,Robotic Assembly Systems,Frankfurt Logistics Hub,Rockwell Automation Inc,430.95,0.55,12.5,253.18,0.88,1500,1723.14,0.12,120,450,8000,460.47,0.65,0.08,45.0,1.2,0.95,0.88,476.44,bad34c876eeb196e2bc3b300b0c175233104bbfb3cb6ff17999a9359e45f9161,16b1b4da9e82da776b73166d1cd9d86b34435039011d52fe2f4e305fdcdc5c1a,50.52161259045148,96.8157730444278
2025-06-25T14:03:38.872050,SKU-10194,ABB IRB 6700 Industrial Robot,Distributed Control Systems,Shanghai Industrial District,Honeywell International,257.62,0.55,12.5,346.57,0.88,1500,1583.97,0.12,120,450,8000,438.71,0.65,0.08,45.0,1.2,0.95,0.88,452.7,322f89a6508ab83c4c252775a74089d84d67c390aa7d316a9161e2ac83a46dfd,bad34c876eeb196e2bc3b300b0c175233104bbfb3cb6ff17999a9359e45f9161,34.14786475352132,-5.209203857006855
2025-06-26T02:03:38.872050,SKU-10195,Emerson DeltaV DCS Node,Industrial Logic Controllers,Ghent Automotive Cluster,Rockwell Automation Inc,306.49,0.55,12.5,672.07,0.88,1500,4362.86,0.12,120,450,8000,340.33,0.65,0.08,45.0,1.2,0.95,0.88,708.28,cc08235a88d04441218a18b2fb54c1a35152c06b1350f94376f3d242f559ed6a,322f89a6508ab83c4c252775a74089d84d67c390aa7d316a9161e2ac83a46dfd,-29.09733839247699,28.039044926674563
2025-06-26T14:03:38.872050,SKU-10196,Phoenix Contact PLCnext Controller,Industrial Networking High-Speed,Shanghai Industrial District,Rockwell Automation Inc,356.37,0.55,12.5,887.88,0.88,1500,4720.95,0.12,120,450,8000,460.44,0.65,0.08,45.0,1.2,0.95,0.88,900.39,1d6cb3fe685826d71e507cba32930a1a7579186fce44d279d3b0da76fc4d8650,cc08235a88d04441218a18b2fb54c1a35152c06b1350f94376f3d242f559ed6a,6.854402065928888,38.76460105353809
2025-06-27T02:03:38.872050,SKU-10197,KUKA KR QUANTEC-2 Robot,Robotic Assembly Systems,Bangalore Tech Corridor,Rockwell Automation Inc,190.61,0.55,12.5,330.93,0.88,1500,243.06,0.12,120,450,8000,242.93,0.65,0.08,45.0,1.2,0.95,0.88,353.11,b2c27cadfee773aa9fe0ae7b28208cfe850fedf2e90221f1c68b5e131f631e27,1d6cb3fe685826d71e507cba32930a1a7579186fce44d279d3b0da76fc4d8650,53.309240135387796,-9.822649026476824
2025-06-27T14:03:38.872050,SKU-10198,Honeywell Experion PKS Controller,Industrial Networking High-Speed,Bangalore Tech Corridor,Rockwell Automation Inc,374.9,0.55,12.5,544.13,0.88,1500,3603.2,0.12,120,450,8000,480.08,0.65,0.08,45.0,1.2,0.95,0.88,672.45,f6ffd98ef4cde29c490a8b32e24652717c5618e7eb1dce40e5d24f5b39c49d23,b2c27cadfee773aa9fe0ae7b28208cfe850fedf2e90221f1c68b5e131f631e27,59.276220120204,-108.96462814032415
2025-06-28T02:03:38.872050,SKU-10199,KUKA KR QUANTEC-2 Robot,Robotic Assembly Systems,Frankfurt Logistics Hub,Honeywell International,442.95,0.55,12.5,875.18,0.88,1500,3274.45,0.12,120,450,8000,400.4,0.65,0.08,45.0,1.2,0.95,0.88,897.39,429eb4186d5dac6bf08ec886c0c043a1e8b555fb96117ccb64c475d0e9a0721d,f6ffd98ef4cde29c490a8b32e24652717c5618e7eb1dce40e5d24f5b39c49d23,19.449931280775857,2.067557624319761
